txn_id,fecha,account_clabe,direction,amount,counterparty_name,counterparty_clabe,reference,invoice_uuid
TX00001,2025-01-28,012580001234567890,out,433992.65,NOMINA,,NOMINA QUINCENAL,
TX00002,2025-01-29,012580001234567890,out,25877.05,Distribuidora Industrial S de RL de CV,021273872090747664,PAGO FACT 4735,EE6081AC-2DD0-622E-266B-F2EAEB93F78C
TX00003,2025-01-29,012580001234567890,out,111580.4,Soldadura Industrial SA de CV,072101837512445132,PAGO FACT 33136,4721194B-C8A4-AE21-D9F8-50E913AD3EAD
TX00004,2025-01-29,012580001234567890,in,213716.39,Construcciones Quintanilla S de RL de CV,014739715501344653,COBRO F1485,93683DD6-5050-127E-4E38-5D03A0D80651
TX00005,2025-02-03,012580001234567890,out,11217.2,Pinturas San Nicolás S de RL de CV,021890726303659684,PAGO FACT 41505,B0117B0A-3496-51D6-A790-55B06001F54D
TX00006,2025-02-03,012580001234567890,out,83529.05,Herramientas Monterrey SA de CV,021578686926242393,PAGO FACT 6533,4185300D-971D-F5FD-B389-50CE9FBC879E
TX00007,2025-02-03,012580001234567890,in,369911.51,Envases Rodríguez SAPI de CV,002744493163720449,COBRO F1412,32440F07-0AE2-63E0-6E66-3C0AC1E0A4A1
TX00008,2025-02-05,012580001234567890,in,405451.0,Envases López SAPI de CV,072135125058454048,COBRO F1542,4B7A123E-338A-EA2D-3E1C-FA1495D16384
TX00009,2025-02-06,012580001234567890,out,92950.68,Grupo del Norte SAPI de CV,012790534133958170,PAGO FACT 14372,0C8D51D2-1673-AEFB-EB9E-54E054C3B22E
TX00010,2025-02-10,012580001234567890,in,242204.96,Autopartes Martínez SAPI de CV,072987012365319337,COBRO F1498,B169FDED-F972-3977-52C0-3F9BDF16EB70
TX00011,2025-02-11,012580001234567890,out,6449.48,Pinturas San Nicolás S de RL de CV,021890726303659684,PAGO FACT 67708,82B34384-9979-CF26-C8B1-90E1089A9F4F
TX00012,2025-02-11,012580001234567890,in,402339.62,Autopartes Quintanilla S de RL de CV,012604717059498419,COBRO F1521,67037089-C78C-D2C3-6374-ED1429B67B14
TX00013,2025-02-12,012580001234567890,in,364600.95,Construcciones Quintanilla S de RL de CV,014739715501344653,COBRO F1484,A151ED02-2F09-8F4D-A43F-683AA43101E4
TX00014,2025-02-13,012580001234567890,out,20555.08,Grupo Monterrey S de RL de CV,014856844373989238,PAGO FACT 51753,98BE5FF0-929D-AF9F-0149-A2AF0AB1A504
TX00015,2025-02-13,012580001234567890,out,118029.88,Servicios Guadalupe S de RL de CV,072267963609841748,PAGO FACT 6721,2737F345-3886-29FF-B2A0-F778809D6444
TX00016,2025-02-14,012580001234567890,out,163534.25,Ferretera de México SAPI de CV,058215509941847528,PAGO FACT 23326,EBD14B0C-C7F4-F4F9-8222-1AD3ECA391D4
TX00017,2025-02-14,012580001234567890,out,117684.78,Industrias Nuevo León SA de CV,058722831908112160,PAGO FACT 29816,1EDBBE71-DE2A-2DDF-EE24-9B726AA12ABD
TX00018,2025-02-17,012580001234567890,out,16463.18,Pinturas San Nicolás S de RL de CV,021890726303659684,PAGO FACT 35947,D463C183-A231-7211-8578-B1C6F7EBC69A
TX00019,2025-02-17,012580001234567890,out,218442.38,Hidráulica Apodaca SAPI de CV,002290297721441525,PAGO FACT 2553,892FCA69-8E20-17E1-50C4-CB4BAD9E5C1E
TX00020,2025-02-17,012580001234567890,in,103590.09,Grupo Montemayor S de RL de CV,014133686941179027,COBRO F1405,7C2257A0-C75F-F368-5F7D-DBB1480AFE9F
TX00021,2025-02-17,012580001234567890,in,452966.97,Construcciones Hernández SA de CV,014646706457108641,COBRO F1419,EBA46463-36C9-B657-EC9A-799E19437791
TX00022,2025-02-17,012580001234567890,out,290000.0,Metálica Santa Catarina SA de CV,127790287445645713,PAGO FACT 43386,FA2C9E79-2758-4F1A-239E-5593EC11A44D
TX00023,2025-02-18,012580001234567890,out,13163.45,Pinturas San Nicolás S de RL de CV,021890726303659684,PAGO FACT 78411,F6A9E3E3-B62B-CCB1-4956-0C3685609E8A
TX00024,2025-02-19,012580001234567890,out,77873.58,Hidráulica Apodaca SAPI de CV,002290297721441525,PAGO FACT 3916,F5C9F459-9DB1-BD5E-91A4-D796B9720EEC
TX00025,2025-02-21,012580001234567890,out,99403.18,Industrias Nuevo León SA de CV,058722831908112160,PAGO FACT 95149,19E9E3A4-18DC-CEB6-84FC-FCB0F5E90352
TX00026,2025-02-24,012580001234567890,out,73265.48,Grupo Guadalupe SA de CV,072035061403237378,PAGO FACT 50593,DD1CA267-530D-DDA6-C8D0-F9E5991965EA
TX00027,2025-02-24,012580001234567890,out,18736.78,Electrónica Regiomontana SAPI de CV,002538819687479285,PAGO FACT 18669,BAEB286B-F0D0-270F-D4D1-3D551DB6B844
TX00028,2025-02-24,012580001234567890,out,130293.98,Soldadura Industrial SA de CV,072101837512445132,PAGO FACT 57847,2D8CC973-43C1-136C-D013-B7A3F4A29332
TX00029,2025-02-24,012580001234567890,in,322533.82,Grupo López SAPI de CV,127967512170538560,COBRO F1446,4FE5C13B-A5E8-C198-3C10-316D3F63A065
TX00030,2025-02-24,012580001234567890,out,174000.0,Metálica Santa Catarina SA de CV,127790287445645713,PAGO FACT 96805,4E39F65A-20DB-4294-DFAE-180393D797E7
TX00031,2025-02-27,012580001234567890,out,98388.65,Industrias Nuevo León SA de CV,058722831908112160,PAGO FACT 75627,B3EDD6ED-B089-4DE4-E626-7164D3616B3A
TX00032,2025-02-27,012580001234567890,out,107610.65,Servicios Guadalupe S de RL de CV,072267963609841748,PAGO FACT 88147,1CCEC1EF-16EF-ACDF-9375-EE61EC94503E
TX00033,2025-02-27,012580001234567890,out,435335.94,NOMINA,,NOMINA QUINCENAL,
TX00034,2025-02-28,012580001234567890,out,66305.6,Neumática Apodaca S de RL de CV,012514640228022758,PAGO FACT 75005,CCEA5031-844E-250B-E684-390C923B7820
TX00035,2025-03-03,012580001234567890,out,160938.4,Metálica Escobedo SAPI de CV,014963593378687656,PAGO FACT 63285,C7A2EE6F-D166-EB08-B073-6DD1F443864C
TX00036,2025-03-03,012580001234567890,out,8978.98,Aceros de México S de RL de CV,072880371318781446,PAGO FACT 70428,DFCF338C-DEC5-6DC3-AD96-8213F0A9B97F
TX00037,2025-03-03,012580001234567890,in,431891.72,Grupo Salinas SAPI de CV,021577604977575166,COBRO F1490,3A8C8ED5-A06A-A68A-9CAC-3D21A5A8C8AF
TX00038,2025-03-03,012580001234567890,in,149195.35,Autopartes Villarreal SAPI de CV,072972163989822734,COBRO F1514,E32A8787-1824-6315-AD49-E0727F843004
TX00039,2025-03-04,012580001234567890,out,120848.68,Hidráulica Apodaca SAPI de CV,002290297721441525,PAGO FACT 33447,4818B004-B0A4-F557-3381-001FA3FF8FD2
TX00040,2025-03-05,012580001234567890,in,458055.37,Grupo Chapa S de RL de CV,058761949011137398,COBRO F1449,528A34F3-63EA-C0A1-9202-B09C60B36938
TX00041,2025-03-06,012580001234567890,out,58823.48,Servicios Escobedo SAPI de CV,058034246116364526,PAGO FACT 45725,953B0F1F-EA3E-072A-8F22-1604D46B7756
TX00042,2025-03-06,012580001234567890,out,9604.68,Servicios Guadalupe S de RL de CV,021031934278352199,PAGO FACT 51197,E2AE3F87-EE7C-A782-A7A3-1D2515956C42
TX00043,2025-03-06,012580001234567890,out,15730.18,Maquinados Apodaca SA de CV,014754116804397510,PAGO FACT 15312,83D0BAE7-7C2C-FBCF-0770-D18FC9160147
TX00044,2025-03-07,012580001234567890,out,56703.58,Grupo Guadalupe SA de CV,072035061403237378,PAGO FACT 11542,21EBFAA9-1A2B-D69C-450F-69EEC2E79A98
TX00045,2025-03-07,012580001234567890,out,168977.08,Servicios San Nicolás SAPI de CV,014273796172575982,PAGO FACT 74525,97867B12-1328-1726-64F4-34D6D1E91691
TX00046,2025-03-10,012580001234567890,out,92103.88,Herramientas Monterrey SA de CV,021578686926242393,PAGO FACT 72381,C4072654-7F5F-61AA-AEE7-C7A586296FBE
TX00047,2025-03-11,012580001234567890,out,20123.45,Ferretera San Nicolás SA de CV,002657203516539575,PAGO FACT 79158,51589375-7D8F-2350-31C7-7A4464F8F226
TX00048,2025-03-12,012580001234567890,out,152795.08,Transportes Apodaca SAPI de CV,012362985433945965,PAGO FACT 26533,F91E5FCD-85EC-E729-D4DD-1B56435391B2
TX00049,2025-03-12,012580001234567890,out,94931.85,Suministros Monterrey S de RL de CV,058685848483733296,PAGO FACT 85240,B646E2B1-7800-E27A-9ACE-63CCD89C83F6
TX00050,2025-03-12,012580001234567890,out,178584.78,Metálica Escobedo SAPI de CV,014963593378687656,PAGO FACT 96480,701FB3EA-A1FE-9BC6-E29D-650A15B98C20
TX00051,2025-03-12,012580001234567890,in,267021.76,Envases López SAPI de CV,072135125058454048,COBRO F1546,8DA22A39-50DB-8E34-938F-2B906C087D6C
TX00052,2025-03-13,012580001234567890,out,59972.0,Industrias Apodaca SA de CV,021340837908549238,PAGO FACT 9008,3B3F3800-A175-A9C3-D7B1-02A92332A50E
TX00053,2025-03-13,012580001234567890,out,88278.78,Pinturas del Norte SAPI de CV,012419423697713595,PAGO FACT 47433,13B11E59-C85C-D714-7BF6-95524CBC9044
TX00054,2025-03-13,012580001234567890,out,73451.2,Industrias Nuevo León SA de CV,058722831908112160,PAGO FACT 48474,6A7BE8B1-E3F3-42A8-F030-BFD4BE54898E
TX00055,2025-03-14,012580001234567890,out,10344.65,Soldadura de México SAPI de CV,072495668610432053,PAGO FACT 55897,9ABBE46B-B205-1CEC-C9F7-369FE4C1D210
TX00056,2025-03-17,012580001234567890,out,20740.8,Distribuidora Industrial S de RL de CV,021273872090747664,PAGO FACT 41322,6DEC6BBD-F697-77A1-59FE-3D53624FEA4B
TX00057,2025-03-17,012580001234567890,out,220657.98,Aceros Santa Catarina SA de CV,014109484060153917,PAGO FACT 76910,6545C030-A981-FA54-F121-E129B45C9A54
TX00058,2025-03-17,012580001234567890,out,162284.0,Aceros Santa Catarina SA de CV,014109484060153917,PAGO FACT 92440,7B94A34D-E4AA-786D-9D17-D218FC3B0DE5
TX00059,2025-03-17,012580001234567890,out,71110.78,Aceros Apodaca S de RL de CV,058425592962567064,PAGO FACT 35158,B5DEF807-4A96-5478-A72B-DDDD511EEEB8
TX00060,2025-03-17,012580001234567890,out,27666.58,Refacciones Regiomontana S de RL de CV,002466589120859208,PAGO FACT 19850,17172654-3B99-7815-0219-A9C7BA23B07A
TX00061,2025-03-17,012580001234567890,out,5278.58,Aceros de México S de RL de CV,072880371318781446,PAGO FACT 57596,2A3DD769-8DAC-210D-5EB3-8EF5B24070CA
TX00062,2025-03-17,012580001234567890,in,133774.23,Envases García S de RL de CV,127766932944937978,COBRO F1539,3DE54EE2-A655-596C-2528-D32DA60C2BED
TX00063,2025-03-18,012580001234567890,out,19824.28,Soldadura de México SAPI de CV,072495668610432053,PAGO FACT 87097,BDDF2416-A173-1ED8-78F2-961C3EC77A8F
TX00064,2025-03-18,012580001234567890,in,98637.38,Envases García S de RL de CV,127766932944937978,COBRO F1538,D0E34B2B-1CA6-4C33-30D8-67CD038D5F5A
TX00065,2025-03-19,012580001234567890,out,11898.46,Refacciones San Nicolás S de RL de CV,072633487067317933,PAGO FACT 12793,0AB74B5D-FCD4-9681-CA09-7B17951B2503
TX00066,2025-03-20,012580001234567890,out,15787.48,Grupo Monterrey S de RL de CV,014856844373989238,PAGO FACT 11438,9B47E639-4D25-51EB-AF95-BE79C971BF51
TX00067,2025-03-20,012580001234567890,in,80746.74,Construcciones Hernández SA de CV,014646706457108641,COBRO F1423,489AC27E-6281-03F0-1D9F-FF257E63F654
TX00068,2025-03-21,012580001234567890,out,189071.18,Grupo Guadalupe SA de CV,072035061403237378,PAGO FACT 41320,EDC3A1C3-2DEA-2D2D-086C-405FA879D8F8
TX00069,2025-03-21,012580001234567890,out,140035.78,Ferretera de México SAPI de CV,058215509941847528,PAGO FACT 19584,62874624-A433-1510-AD21-B4CCA9E8F0D8
TX00070,2025-03-24,012580001234567890,out,23199.88,Industrias Apodaca SA de CV,021340837908549238,PAGO FACT 43742,E8334DA5-DE95-D695-3579-C1437AB99428
TX00071,2025-03-24,012580001234567890,out,29139.08,Distribuidora Industrial S de RL de CV,021273872090747664,PAGO FACT 83238,9620BEE6-6406-FACE-53A5-E8508950DDD6
TX00072,2025-03-24,012580001234567890,out,16471.88,Grupo Monterrey S de RL de CV,014856844373989238,PAGO FACT 49246,C53F1DB3-D275-BD43-8451-7303E94D4FBE
TX00073,2025-03-24,012580001234567890,in,334904.79,Grupo Chapa S de RL de CV,058761949011137398,COBRO F1450,80B57013-7F29-C9E7-5601-F6A534B6685D
TX00074,2025-03-24,012580001234567890,in,251173.74,Construcciones Elizondo SA de CV,012230486458487734,COBRO F1473,1CEB08FE-F2DE-B798-B31A-25B55FECAA6E
TX00075,2025-03-24,012580001234567890,in,390167.39,Construcciones Quintanilla S de RL de CV,014739715501344653,COBRO F1481,BCA83A82-7899-7035-7DDF-8484F0C44ECB
TX00076,2025-03-24,012580001234567890,in,193335.2,Construcciones Quintanilla S de RL de CV,014739715501344653,COBRO F1483,8C37E264-D03C-D20A-BAAE-EBF89A244525
TX00077,2025-03-24,012580001234567890,in,381130.61,Autopartes Quintanilla S de RL de CV,012604717059498419,COBRO F1519,0E378B07-CC53-5C3E-52BB-530D486FAC8F
TX00078,2025-03-24,012580001234567890,out,174000.0,Metálica Santa Catarina SA de CV,127790287445645713,PAGO FACT 54847,B2AC4768-F122-4F43-C527-4F356DC56044
TX00079,2025-03-25,012580001234567890,out,55680.0,Gestoría y Enlace San Nicolás S de RL de CV,127967249590173425,PAGO FACT 60642,BFEEB533-ACF5-9149-B1C9-D0DCA38CC35F
TX00080,2025-03-26,012580001234567890,out,72627.48,Soldadura Industrial SA de CV,072101837512445132,PAGO FACT 74295,A5DD2836-E65F-A9FA-C38C-2EAFA8097A77
TX00081,2025-03-27,012580001234567890,out,138794.58,Metálica San Nicolás SA de CV,072463414408727065,PAGO FACT 58536,B3099E0D-B0AC-0677-D60F-8680A124FDB2
TX00082,2025-03-27,012580001234567890,out,47928.65,Ferretera Monterrey S de RL de CV,012098671286174002,PAGO FACT 38526,05CF079E-A095-2C4D-F3BD-2348854BC8FA
TX00083,2025-03-27,012580001234567890,in,177486.64,Grupo Salinas S de RL de CV,014789135342202362,COBRO F1467,E68C1348-1046-E3DF-DDFE-F8494C485CFC
TX00084,2025-03-28,012580001234567890,in,356022.07,Construcciones Hernández SA de CV,014646706457108641,COBRO F1428,1090DC9D-2B31-71DC-FA54-9893E476231A
TX00085,2025-03-28,012580001234567890,out,428655.27,NOMINA,,NOMINA QUINCENAL,
TX00086,2025-03-28,012580001234567890,out,55680.0,Gestoría y Enlace San Nicolás S de RL de CV,127967249590173425,PAGO FACT 17988,EAC97D37-B587-8D33-1D5B-D8B04027B283
TX00087,2025-03-31,012580001234567890,out,18957.18,Distribuidora Industrial S de RL de CV,021273872090747664,PAGO FACT 17551,C0CEF31B-D038-E153-C601-818B61FA01BA
TX00088,2025-03-31,012580001234567890,in,68162.23,Autopartes Martínez SAPI de CV,072987012365319337,COBRO F1500,E88188C3-788F-06ED-3C1E-919BEE5A4007
TX00089,2025-04-01,012580001234567890,out,50353.05,Industrias Apodaca SA de CV,021340837908549238,PAGO FACT 31469,6589ADA1-345A-F934-B42A-2D939ABA0F15
TX00090,2025-04-02,012580001234567890,out,184802.38,Transportes Apodaca SAPI de CV,012362985433945965,PAGO FACT 13851,D4A5A81E-6B38-2A0A-231D-260BB362CD55
TX00091,2025-04-02,012580001234567890,out,60610.58,Ferretera de México SAPI de CV,058215509941847528,PAGO FACT 21194,C00C200C-4458-B006-332C-CE0A0E7DA698
TX00092,2025-04-02,012580001234567890,out,58765.48,Metálica San Nicolás SA de CV,072463414408727065,PAGO FACT 72106,59AE7302-8AE3-297E-34E2-41421A354475
TX00093,2025-04-02,012580001234567890,in,172367.29,Envases Rodríguez SAPI de CV,002744493163720449,COBRO F1414,C8497436-18B4-75B1-C12A-34F402A13629
TX00094,2025-04-03,012580001234567890,out,73616.38,Servicios San Nicolás SAPI de CV,014273796172575982,PAGO FACT 75320,2B015723-0CF6-97A5-7603-C36CF1394E3C
TX00095,2025-04-03,012580001234567890,out,204055.48,Ferretera de México SAPI de CV,058215509941847528,PAGO FACT 54819,B5CAA993-AACA-D101-F153-0F689215583A
TX00096,2025-04-04,012580001234567890,out,44471.85,Distribuidora Industrial S de RL de CV,021273872090747664,PAGO FACT 59936,70F81DBA-2871-9B9B-DB8F-0E32EDEF5003
TX00097,2025-04-04,012580001234567890,out,200181.08,Transportes Apodaca SAPI de CV,012362985433945965,PAGO FACT 29231,16DC5A6E-A789-0770-55EC-024AE64B9B37
TX00098,2025-04-04,012580001234567890,out,96175.6,Herramientas Monterrey SA de CV,021578686926242393,PAGO FACT 84595,8EF00DE1-FB4F-1972-5115-D7EE3B90908E
TX00099,2025-04-04,012580001234567890,out,98695.58,Suministros Monterrey S de RL de CV,058685848483733296,PAGO FACT 83572,EF0B743E-BEE0-4762-7168-BDEC4DA838B7
TX00100,2025-04-04,012580001234567890,out,168977.08,Servicios San Nicolás SAPI de CV,002612058920737212,PAGO FACT 74525,97867B12-1328-1726-64F4-34D6D1E91691
TX00101,2025-04-07,012580001234567890,out,13606.68,Electrónica Regiomontana SAPI de CV,002538819687479285,PAGO FACT 94338,C28FA16B-0AA6-FCB9-C1BC-BE59D296A12D
TX00102,2025-04-07,012580001234567890,out,224782.25,Transportes Apodaca SAPI de CV,012362985433945965,PAGO FACT 19862,DAAF7529-DEEF-F82A-0DD7-015869C165AE
TX00103,2025-04-07,012580001234567890,out,191803.45,Aceros Apodaca S de RL de CV,058425592962567064,PAGO FACT 49832,35F3DE4A-AC92-04B4-0306-A2580227B8D5
TX00104,2025-04-07,012580001234567890,out,45959.08,Suministros Monterrey S de RL de CV,058685848483733296,PAGO FACT 78266,3B1D0181-9CC3-C1F5-9129-BC759B08E5A8
TX00105,2025-04-07,012580001234567890,out,56480.4,Metálica San Nicolás SA de CV,072463414408727065,PAGO FACT 13613,0BCFD0FC-E3A1-AF97-7785-2DDB55527A3C
TX00106,2025-04-07,012580001234567890,out,24450.25,Ferretera San Nicolás SA de CV,002657203516539575,PAGO FACT 46152,584CB0F7-48DE-D8BE-031E-EF965F71DCC4
TX00107,2025-04-07,012580001234567890,in,318481.77,Envases Villarreal SA de CV,072390809722560856,COBRO F1455,4CC6D67E-CDDB-3F9E-8130-0E684D45D885
TX00108,2025-04-08,012580001234567890,out,173466.28,Soldadura Industrial SA de CV,072101837512445132,PAGO FACT 34342,2CE6F908-CECE-A5D3-5EA9-09EF7257DCB6
TX00109,2025-04-08,012580001234567890,in,259648.1,Envases García S de RL de CV,127766932944937978,COBRO F1530,A92DCF4F-76F3-BA50-1830-208269BBA3C4
TX00110,2025-04-09,012580001234567890,out,12165.85,Pinturas San Nicolás S de RL de CV,021890726303659684,PAGO FACT 21219,97A418B8-92D0-0319-20BD-14220B0B81DE
TX00111,2025-04-09,012580001234567890,out,74240.0,Gestoría y Enlace San Nicolás S de RL de CV,127967249590173425,PAGO FACT 61807,23E7CD20-700E-A842-F334-685DB6AD478C
TX00112,2025-04-10,012580001234567890,out,74240.0,Gestoría y Enlace San Nicolás S de RL de CV,127967249590173425,PAGO FACT 51329,BDCF6FD4-88DF-12C1-1FC8-628D4B4D1079
TX00113,2025-04-11,012580001234567890,out,53174.4,Industrias Apodaca SA de CV,021340837908549238,PAGO FACT 17675,87AD8B26-8EAA-5841-6AA0-426DF7C0D5F7
TX00114,2025-04-11,012580001234567890,out,156496.18,Transportes Apodaca SAPI de CV,012362985433945965,PAGO FACT 18440,AE46024D-51D0-5EF3-A918-83FC6772FE9F
TX00115,2025-04-14,012580001234567890,out,19450.65,Electrónica Regiomontana SAPI de CV,002538819687479285,PAGO FACT 63888,2F8D8DED-6C4C-450B-623A-D0FC93267D25
TX00116,2025-04-14,012580001234567890,out,151690.65,Ferretera de México SAPI de CV,058215509941847528,PAGO FACT 51597,1EE93260-3002-D831-3227-E8D89C60C81B
TX00117,2025-04-14,012580001234567890,out,124212.68,Aceros Apodaca S de RL de CV,058425592962567064,PAGO FACT 22977,89D716EF-A62D-7221-A65D-958E936DD1A8
TX00118,2025-04-14,012580001234567890,out,6405.98,Aceros de México S de RL de CV,072880371318781446,PAGO FACT 80124,2CAF3D2F-F026-A418-3D3F-BBEC697AE294
TX00119,2025-04-14,012580001234567890,out,6087.62,Aceros Escobedo S de RL de CV,127897211558517365,PAGO FACT 97698,302B0401-EFED-098B-979A-7368BD96BB0A
TX00120,2025-04-15,012580001234567890,out,192151.45,Metálica Escobedo SAPI de CV,014963593378687656,PAGO FACT 64414,F09E0302-B525-A4D9-83F0-23FD00F2BAA4
TX00121,2025-04-15,012580001234567890,in,145820.9,Construcciones Elizondo SA de CV,012230486458487734,COBRO F1470,503BA8C3-CE83-0E27-C5EF-D6701F4D88CE
TX00122,2025-04-15,012580001234567890,in,177221.39,Autopartes Martínez SAPI de CV,072987012365319337,COBRO F1505,DF266424-7FCC-4456-20BC-2FA0FA801062
TX00123,2025-04-16,012580001234567890,in,187379.36,Grupo Chapa S de RL de CV,058761949011137398,COBRO F1447,0991946D-537C-64B0-89D5-AF23050BD848
TX00124,2025-04-21,012580001234567890,out,48094.18,Distribuidora Industrial S de RL de CV,021273872090747664,PAGO FACT 94572,D28FCF68-C871-D7B3-8468-B74D85E3ADE5
TX00125,2025-04-21,012580001234567890,out,198450.25,Aceros Santa Catarina SA de CV,014109484060153917,PAGO FACT 73759,F7FF88D4-B509-F08A-2C98-8BCA51397C06
TX00126,2025-04-21,012580001234567890,out,45576.28,Grupo Nuevo León SAPI de CV,127342545876026850,PAGO FACT 40137,F168C605-CE1A-1669-9BBC-6CBC409CA8F2
TX00127,2025-04-21,012580001234567890,out,122331.05,Servicios Guadalupe S de RL de CV,072267963609841748,PAGO FACT 88966,F5EA4128-854D-C3BF-61D8-5365BADA0C94
TX00128,2025-04-21,012580001234567890,out,43802.18,Suministros Monterrey S de RL de CV,058685848483733296,PAGO FACT 35470,ECE9504B-03D7-F962-F804-43EEC3B8D179
TX00129,2025-04-21,012580001234567890,in,403505.66,Envases Rodríguez SAPI de CV,002744493163720449,COBRO F1417,3DE814AC-9CEA-B67B-BA82-854AC7E2A618
TX00130,2025-04-21,012580001234567890,in,284838.49,Construcciones Elizondo SA de CV,012230486458487734,COBRO F1469,859F02BB-1EE2-6F39-EED4-DB8980104995
TX00131,2025-04-21,012580001234567890,out,21978.36,Refacciones San Nicolás S de RL de CV,072633487067317933,PAGO FACT 57867,68A69E71-DF22-3246-E6FB-61D3FBA26C21
TX00132,2025-04-22,012580001234567890,out,218785.05,Aceros Santa Catarina SA de CV,014109484060153917,PAGO FACT 7462,171B1B80-09B7-FDF7-7D8D-3DDD2CF149CB
TX00133,2025-04-22,012580001234567890,in,119544.41,Construcciones Elizondo SA de CV,012230486458487734,COBRO F1472,688B4CFB-7081-75FD-4648-BBE8F84CE7A9
TX00134,2025-04-22,012580001234567890,in,115765.66,Envases López SAPI de CV,072135125058454048,COBRO F1541,71FCF2E6-B3DD-7820-BD20-C36A270524CB
TX00135,2025-04-23,012580001234567890,out,20027.12,Refacciones San Nicolás S de RL de CV,072633487067317933,PAGO FACT 59169,1C3892E8-F2CF-CD63-80AB-4B7F2E968660
TX00136,2025-04-24,012580001234567890,out,55518.18,Grupo Nuevo León SAPI de CV,127342545876026850,PAGO FACT 85504,44E2A94B-34EC-5264-AD7D-6F8139A0F145
TX00137,2025-04-24,012580001234567890,in,315457.1,Grupo Salinas S de RL de CV,014789135342202362,COBRO F1466,7C602399-B8F4-0E5E-F6BA-BCCC0ACFBD89
TX00138,2025-04-25,012580001234567890,out,226051.98,Transportes Apodaca SAPI de CV,012362985433945965,PAGO FACT 12551,1DABB10A-BD10-F87C-6D0E-0597500D92A7
TX00139,2025-04-25,012580001234567890,out,7064.98,Pinturas San Nicolás S de RL de CV,021890726303659684,PAGO FACT 2540,A33B3DFD-9048-65C6-F820-5AA7996F7E88
TX00140,2025-04-28,012580001234567890,out,8421.6,Pinturas San Nicolás S de RL de CV,021890726303659684,PAGO FACT 63213,1D03C3D5-B862-ACC3-5489-9C37CFA9026B
TX00141,2025-04-28,012580001234567890,out,16634.4,Servicios Guadalupe S de RL de CV,021031934278352199,PAGO FACT 7155,8C662766-7922-B440-E0F1-E44CEFD1B588
TX00142,2025-04-28,012580001234567890,out,10068.8,Aceros de México S de RL de CV,072880371318781446,PAGO FACT 17209,A616DDE4-B388-300A-3E20-718A0BB9A8F6
TX00143,2025-04-28,012580001234567890,in,399631.77,Envases Rodríguez SAPI de CV,002744493163720449,COBRO F1416,946A95A6-F2E4-01AF-4702-1755F11CC0A4
TX00144,2025-04-28,012580001234567890,out,418473.72,NOMINA,,NOMINA QUINCENAL,
TX00145,2025-04-29,012580001234567890,in,82352.67,Envases López SAPI de CV,072135125058454048,COBRO F1540,7957595F-25EE-2F0F-76A3-0EB0C50C71F4
TX00146,2025-04-30,012580001234567890,out,20613.08,Ferretera San Nicolás SA de CV,002657203516539575,PAGO FACT 72696,4A1A4219-61BB-A5FB-D510-8BC02F9E1DDB
TX00147,2025-04-30,012580001234567890,in,196336.88,Manufacturas López SAPI de CV,058349998051929549,COBRO F1523,833D3DF1-5E11-A680-D501-6ADA189AC35D
TX00148,2025-05-01,012580001234567890,out,19664.78,Electrónica Regiomontana SAPI de CV,002538819687479285,PAGO FACT 41900,73D39457-B25F-13DF-B8D4-9848702BA49F
TX00149,2025-05-01,012580001234567890,out,227894.18,Hidráulica Apodaca SAPI de CV,002290297721441525,PAGO FACT 82080,7702BEBA-0623-FFBF-1E42-D2B800679B62
TX00150,2025-05-01,012580001234567890,in,61376.08,Autopartes Villarreal SAPI de CV,072972163989822734,COBRO F1509,7796048F-B4B9-FB73-29DE-BCCC429E09BD
TX00151,2025-05-02,012580001234567890,out,169501.98,Ferretera de México SAPI de CV,058215509941847528,PAGO FACT 5335,27A158A0-EFFF-A2F4-B5AE-329D77617D80
TX00152,2025-05-05,012580001234567890,out,90108.68,Aceros Santa Catarina SA de CV,014109484060153917,PAGO FACT 3797,9770A3DB-E9FA-97E2-5BD9-3609B297A782
TX00153,2025-05-05,012580001234567890,out,27315.45,Grupo Nuevo León SAPI de CV,127342545876026850,PAGO FACT 4105,AE61716A-1FB6-21AE-EC4E-8CBBA2AA378C
TX00154,2025-05-05,012580001234567890,out,11959.6,Ferretera San Nicolás SA de CV,002657203516539575,PAGO FACT 21411,8A34B26B-72CC-3FC5-5F77-5A7A25DFAC07
TX00155,2025-05-05,012580001234567890,out,18943.38,Ferretera San Nicolás SA de CV,002657203516539575,PAGO FACT 8845,FE8C9AAB-7E38-8A19-46F7-B20AC3C49506
TX00156,2025-05-05,012580001234567890,in,134542.15,Envases García S de RL de CV,127766932944937978,COBRO F1534,9AA33580-FB70-8DD7-BF3D-5023140642A8
TX00157,2025-05-06,012580001234567890,out,30287.6,Ferretera Monterrey S de RL de CV,012098671286174002,PAGO FACT 61118,DA05D2FC-1C71-A821-22F1-C32B47D5AC92
TX00158,2025-05-06,012580001234567890,out,74240.0,Gestoría y Enlace San Nicolás S de RL de CV,127967249590173425,PAGO FACT 12078,3332432B-3D10-FA95-E8A4-42385FE8B710
TX00159,2025-05-06,012580001234567890,out,19197.68,Aceros Escobedo S de RL de CV,127897211558517365,PAGO FACT 70966,A9A2E9CD-7B6F-65DF-1D9D-1D80F47E3CA0
TX00160,2025-05-07,012580001234567890,out,54671.38,Neumática Apodaca S de RL de CV,012514640228022758,PAGO FACT 5183,66D71D97-B193-C8B8-AE49-C0799BD0D4C7
TX00161,2025-05-08,012580001234567890,out,8711.48,Aceros Regiomontana S de RL de CV,072598675858742267,PAGO FACT 6480,DF495037-B40A-9181-AC09-BDB799086E47
TX00162,2025-05-08,012580001234567890,out,49639.18,Industrias Apodaca SA de CV,021340837908549238,PAGO FACT 71158,2F1DC121-7D02-4C6D-8BEA-75C1B86677AA
TX00163,2025-05-08,012580001234567890,out,194729.08,Metálica San Nicolás SA de CV,072463414408727065,PAGO FACT 12278,21BD55EB-915A-A3C0-7737-CFB5C3B1927B
TX00164,2025-05-08,012580001234567890,in,58457.99,Autopartes Quintanilla S de RL de CV,012604717059498419,COBRO F1516,A8D791B6-B52C-4358-D4A8-B45A75D1D776
TX00165,2025-05-09,012580001234567890,out,9289.05,Aceros de México S de RL de CV,072880371318781446,PAGO FACT 18100,8BBF1B30-9372-92E6-AF20-6A9DF9D18507
TX00166,2025-05-12,012580001234567890,out,118216.18,Metálica San Nicolás SA de CV,072463414408727065,PAGO FACT 88065,70ECF41B-C5D5-6016-51B3-CCF588433A38
TX00167,2025-05-12,012580001234567890,in,291783.04,Envases Rodríguez SAPI de CV,002744493163720449,COBRO F1415,59FE1C45-ABAC-7BF8-2F4D-DC9B3334CD07
TX00168,2025-05-14,012580001234567890,out,11539.45,Electrónica Regiomontana SAPI de CV,002538819687479285,PAGO FACT 59026,3283DAA4-E212-AB7C-9D36-1CB6BCC57BE0
TX00169,2025-05-14,012580001234567890,out,11971.2,Electrónica Regiomontana SAPI de CV,002538819687479285,PAGO FACT 48045,2FDC9992-8971-8EEA-DF3A-098ACCAC2FB5
TX00170,2025-05-14,012580001234567890,out,5031.85,Maquinados Apodaca SA de CV,014754116804397510,PAGO FACT 61833,12D2D7E6-387D-5ADD-E430-81AA6022E3FF
TX00171,2025-05-14,012580001234567890,in,398399.15,Envases García S de RL de CV,127766932944937978,COBRO F1532,E07309DE-6A8F-7654-1552-87C70B961346
TX00172,2025-05-15,012580001234567890,out,204021.38,Transportes Apodaca SAPI de CV,012362985433945965,PAGO FACT 11639,C37944C1-C903-94EA-7D54-EC82288F3435
TX00173,2025-05-15,012580001234567890,out,14465.08,Ferretera San Nicolás SA de CV,002657203516539575,PAGO FACT 49353,C190B0CF-9736-BB4F-F5C8-CE3CEEE31D47
TX00174,2025-05-16,012580001234567890,out,191399.88,Hidráulica Apodaca SAPI de CV,002290297721441525,PAGO FACT 69430,A104BDCE-FAB6-AD91-BACF-7CFC92451CC4
TX00175,2025-05-19,012580001234567890,out,71082.25,Ferretera de México SAPI de CV,058215509941847528,PAGO FACT 41526,72730E7B-7F9A-D277-DB49-6E6D1688782F
TX00176,2025-05-19,012580001234567890,out,214319.05,Aceros Apodaca S de RL de CV,058425592962567064,PAGO FACT 47326,5C6801D6-4280-3AA0-55AC-0D06BE9DA951
TX00177,2025-05-19,012580001234567890,out,52849.48,Refacciones Regiomontana S de RL de CV,002466589120859208,PAGO FACT 57392,8F807D8B-E1D5-5F85-6967-858630463008
TX00178,2025-05-19,012580001234567890,in,89169.7,Grupo Montemayor S de RL de CV,014133686941179027,COBRO F1406,D4E20134-389A-E4FD-80DD-B3862790E92F
TX00179,2025-05-19,012580001234567890,in,160284.52,Grupo Salinas S de RL de CV,014789135342202362,COBRO F1465,CDB4ADAB-CA27-CD69-4226-4BA40775D778
TX00180,2025-05-20,012580001234567890,out,163951.85,Aceros Apodaca S de RL de CV,058425592962567064,PAGO FACT 62095,2648C819-BD11-16EE-F58A-B7C7CCCF4130
TX00181,2025-05-20,012580001234567890,in,51739.36,Construcciones Hernández SA de CV,014646706457108641,COBRO F1426,1AEC8B70-AC0E-7307-7DDC-AAF6AC95ADB1
TX00182,2025-05-21,012580001234567890,in,150634.44,Construcciones Quintanilla S de RL de CV,014739715501344653,COBRO F1486,D4A39A51-C481-EA69-F83B-F029B6AC2048
TX00183,2025-05-21,012580001234567890,out,98600.0,Neumática Regiomontana SAPI de CV,127601932254303939,PAGO FACT 79378,663463E9-D317-D8C9-1060-573A721B7707
TX00184,2025-05-22,012580001234567890,out,89067.58,Metálica San Nicolás SA de CV,072463414408727065,PAGO FACT 3900,214C87B1-0CFC-6420-7192-E4438A6342CA
TX00185,2025-05-23,012580001234567890,out,201875.38,Aceros Apodaca S de RL de CV,058425592962567064,PAGO FACT 70979,F08D312E-7A73-2F35-6C55-40F0CC9CF41C
TX00186,2025-05-23,012580001234567890,out,48792.38,Industrias Nuevo León SA de CV,058722831908112160,PAGO FACT 36270,D284B528-B091-6FB7-F17F-3F92D26AA790
TX00187,2025-05-23,012580001234567890,out,34333.45,Suministros Monterrey S de RL de CV,058685848483733296,PAGO FACT 32446,7521AA18-DDE4-F5C1-532C-5C01B017C533
TX00188,2025-05-23,012580001234567890,in,308807.74,Grupo Martínez SAPI de CV,014217435224929418,COBRO F1433,BCE05A63-197F-9B8D-079B-F5E62275B1E2
TX00189,2025-05-23,012580001234567890,out,232000.0,Metálica Santa Catarina SA de CV,127790287445645713,PAGO FACT 99402,8D783178-C935-A278-9645-DEC1840D214B
TX00190,2025-05-23,012580001234567890,out,1821.72,Ferretera San Nicolás SA de CV,002657203516539575,PAGO FACT 51455,BA3696CC-7CCD-1AC6-DB55-DAF52DD4450C
TX00191,2025-05-26,012580001234567890,out,194648.0,Grupo Guadalupe SA de CV,072035061403237378,PAGO FACT 20321,A247541D-C8AD-0899-B630-794D6147ADEB
TX00192,2025-05-26,012580001234567890,out,167144.98,Pinturas del Norte SAPI de CV,012419423697713595,PAGO FACT 39569,44D7DF9A-238B-05B7-2B64-777C6177A771
TX00193,2025-05-26,012580001234567890,out,14085.18,Electrónica Regiomontana SAPI de CV,002538819687479285,PAGO FACT 74240,751303B9-C7DE-96EA-2B0F-BE4449E64C22
TX00194,2025-05-26,012580001234567890,out,244444.25,Servicios San Nicolás SAPI de CV,014273796172575982,PAGO FACT 22889,D1F16485-429A-4A7C-4C80-D33AAD5BE3C8
TX00195,2025-05-26,012580001234567890,in,166399.68,Grupo Chapa S de RL de CV,058761949011137398,COBRO F1452,92D2408E-FF08-C739-4C1D-2E430C2B03E4
TX00196,2025-05-27,012580001234567890,in,258388.77,Envases López SAPI de CV,072135125058454048,COBRO F1549,56D2BB12-AF5A-7636-E8B8-D2529670CD19
TX00197,2025-05-28,012580001234567890,out,107393.38,Refacciones Apodaca S de RL de CV,002876210248046164,PAGO FACT 8457,B34C6C73-5833-0B30-6C77-6E950B981CCD
TX00198,2025-05-28,012580001234567890,out,432477.63,NOMINA,,NOMINA QUINCENAL,
TX00199,2025-05-29,012580001234567890,out,26607.85,Servicios Guadalupe S de RL de CV,021031934278352199,PAGO FACT 39889,27DD1AC4-4282-B6E4-6986-305A5DA3F9CF
TX00200,2025-05-29,012580001234567890,in,414262.4,Envases Villarreal SA de CV,072390809722560856,COBRO F1457,DCDA8CC1-8427-4378-B40D-8AEFA0BA6142
TX00201,2025-05-30,012580001234567890,out,19772.11,Aceros Escobedo S de RL de CV,127897211558517365,PAGO FACT 84508,108E04AC-99C6-207F-EC81-4510C42EAFC8
TX00202,2025-06-02,012580001234567890,out,137494.8,Servicios San Nicolás SAPI de CV,014273796172575982,PAGO FACT 30439,EBD8A3B1-0B3D-0C36-17D0-981047A2A10B
TX00203,2025-06-02,012580001234567890,out,221815.2,Servicios San Nicolás SAPI de CV,014273796172575982,PAGO FACT 79176,B266986C-B467-88BD-D38E-13E44DE1087B
TX00204,2025-06-02,012580001234567890,out,207152.8,Metálica Escobedo SAPI de CV,014963593378687656,PAGO FACT 5059,0038DC84-A3ED-033A-A722-2EA2261B5048
TX00205,2025-06-02,012580001234567890,in,344384.21,Autopartes Martínez SAPI de CV,072987012365319337,COBRO F1494,D03BCBFC-DCA7-E284-F230-7C2230C7809B
TX00206,2025-06-03,012580001234567890,out,229984.38,Aceros Apodaca S de RL de CV,058425592962567064,PAGO FACT 65504,30AED12D-E8F1-0194-EE25-356AAEE01EC9
TX00207,2025-06-03,012580001234567890,in,108727.3,Grupo Salinas SAPI de CV,021577604977575166,COBRO F1492,F27E8CE7-2B8D-2C49-5E30-03E1F541A44E
TX00208,2025-06-06,012580001234567890,out,51712.8,Refacciones Regiomontana S de RL de CV,002466589120859208,PAGO FACT 32878,E54C8739-3133-839E-2E7D-952B785B8A07
TX00209,2025-06-09,012580001234567890,out,12481.48,Electrónica Regiomontana SAPI de CV,002538819687479285,PAGO FACT 49136,721E8B1F-3895-8939-9342-A09FB00AC64C
TX00210,2025-06-09,012580001234567890,out,24429.6,Distribuidora Industrial S de RL de CV,021273872090747664,PAGO FACT 54551,8044BEB2-B66E-DBF4-A0EA-0251495743A2
TX00211,2025-06-09,012580001234567890,out,89519.98,Herramientas Monterrey SA de CV,021578686926242393,PAGO FACT 51979,1EA15B0F-95AE-B18B-46AE-7E06CB5D2B59
TX00212,2025-06-09,012580001234567890,out,80652.25,Herramientas Monterrey SA de CV,021578686926242393,PAGO FACT 24418,BBD0FE6C-6108-FFCC-8186-722BA355AD05
TX00213,2025-06-09,012580001234567890,out,24316.38,Soldadura de México SAPI de CV,072495668610432053,PAGO FACT 4485,5DF1BF6F-938B-D3F8-8BD1-8D4BED3353FC
TX00214,2025-06-09,012580001234567890,in,168991.89,Grupo Martínez SAPI de CV,014217435224929418,COBRO F1436,42FC7EDF-813A-3AA5-7D81-0C217F764FCE
TX00215,2025-06-09,012580001234567890,in,404553.45,Construcciones Elizondo SA de CV,012230486458487734,COBRO F1478,F5F3943A-E8E7-F030-0203-83406372D635
TX00216,2025-06-09,012580001234567890,in,144738.8,Autopartes Martínez SAPI de CV,072987012365319337,COBRO F1497,5EA0942C-3F91-C419-E846-A9DF73733554
TX00217,2025-06-09,012580001234567890,in,257096.74,Autopartes Martínez SAPI de CV,072987012365319337,COBRO F1502,650AD9AA-FA3F-012E-4D71-1F28618521AB
TX00218,2025-06-10,012580001234567890,out,92164.78,Aceros Apodaca S de RL de CV,058425592962567064,PAGO FACT 48062,57D52B78-9CF3-137E-F562-037B78AA16EA
TX00219,2025-06-10,012580001234567890,in,408949.09,Autopartes Villarreal SAPI de CV,072972163989822734,COBRO F1512,BFFBD93B-2B15-619E-D5BF-85F32E3F674C
TX00220,2025-06-11,012580001234567890,out,16738.8,Distribuidora Industrial S de RL de CV,021273872090747664,PAGO FACT 40639,0E165B12-9BDC-70D1-9CBF-7B8C74102D5D
TX00221,2025-06-11,012580001234567890,out,94612.38,Servicios Guadalupe S de RL de CV,072267963609841748,PAGO FACT 97038,1CC464ED-15F7-EF61-DA4E-C04CBA7E1B86
TX00222,2025-06-11,012580001234567890,in,155720.65,Grupo Salinas SAPI de CV,021577604977575166,COBRO F1491,66AA394C-0CBE-938D-2B33-9734DA119684
TX00223,2025-06-12,012580001234567890,out,40034.38,Industrias Apodaca SA de CV,021340837908549238,PAGO FACT 23596,6E3A0BA8-AC8D-6C7D-B2A6-E468D02B1243
TX00224,2025-06-12,012580001234567890,out,74411.45,Aceros Santa Catarina SA de CV,014109484060153917,PAGO FACT 47394,0DF407B8-2751-AB86-7DAE-C949D700B461
TX00225,2025-06-12,012580001234567890,out,112383.58,Neumática Apodaca S de RL de CV,012514640228022758,PAGO FACT 75076,7C4F48E4-A7A0-2A3D-620F-230B439E754C
TX00226,2025-06-12,012580001234567890,out,32686.25,Neumática Apodaca S de RL de CV,012514640228022758,PAGO FACT 39822,567E642E-052D-FB9A-5F58-4603E5A3D8E9
TX00227,2025-06-12,012580001234567890,out,9512.58,Pinturas San Nicolás S de RL de CV,021890726303659684,PAGO FACT 72265,56A3DCCC-C93C-9CC6-668B-28DA8222CD7F
TX00228,2025-06-12,012580001234567890,out,45832.18,Servicios Escobedo SAPI de CV,058034246116364526,PAGO FACT 51892,AB6EF8DD-5A66-9316-6641-4954C798A445
TX00229,2025-06-12,012580001234567890,in,290933.15,Envases García S de RL de CV,127766932944937978,COBRO F1531,1D2AE042-042A-2F64-80E1-BE4DC4C608EB
TX00230,2025-06-16,012580001234567890,out,29078.65,Grupo del Norte SAPI de CV,012790534133958170,PAGO FACT 64779,9BA4D5A6-0178-DE26-CEB5-57AC8B22E445
TX00231,2025-06-17,012580001234567890,out,8550.72,Refacciones San Nicolás S de RL de CV,072633487067317933,PAGO FACT 30873,95ECEC2C-0798-3BC0-5797-44BA107380CB
TX00232,2025-06-18,012580001234567890,out,106560.38,Servicios San Nicolás SAPI de CV,014273796172575982,PAGO FACT 59443,516C3B0A-5385-3918-BC40-15FAD4F76322
TX00233,2025-06-18,012580001234567890,out,232461.45,Transportes Apodaca SAPI de CV,012362985433945965,PAGO FACT 75078,FEA82E3A-B544-01CB-9541-0A9D090AAA93
TX00234,2025-06-18,012580001234567890,out,144651.88,Transportes Apodaca SAPI de CV,012362985433945965,PAGO FACT 17636,AFD0D2F7-E352-4444-6F04-AF36567C5D44
TX00235,2025-06-19,012580001234567890,out,49624.8,Distribuidora Industrial S de RL de CV,021273872090747664,PAGO FACT 8471,861B4F5B-45A0-8539-6DE8-370ACE9E9EBD
TX00236,2025-06-19,012580001234567890,out,107729.2,Soldadura Industrial SA de CV,072101837512445132,PAGO FACT 88611,C5ED3982-760B-3673-6422-A73E958C9CFD
TX00237,2025-06-20,012580001234567890,out,12495.98,Ferretera San Nicolás SA de CV,002657203516539575,PAGO FACT 37374,5A66219E-25F9-8046-0C1D-180ED8739636
TX00238,2025-06-23,012580001234567890,out,99785.98,Transportes Apodaca SAPI de CV,012362985433945965,PAGO FACT 40223,96B31F4A-80DA-A8CA-6230-5D271A4B1606
TX00239,2025-06-23,012580001234567890,out,25824.38,Suministros Regiomontana S de RL de CV,058490231514835122,PAGO FACT 7249,EB45BC38-9CF6-5E33-4B5F-174B6C267B56
TX00240,2025-06-23,012580001234567890,in,93822.06,Grupo Salinas S de RL de CV,014789135342202362,COBRO F1463,CC0B200D-3EDE-C38E-0717-9EF331216863
TX00241,2025-06-23,012580001234567890,out,15454.75,Aceros Escobedo S de RL de CV,127897211558517365,PAGO FACT 87325,1F835B8D-ABAC-8660-E5C3-45FCF395C213
TX00242,2025-06-24,012580001234567890,out,95549.08,Ferretera de México SAPI de CV,058215509941847528,PAGO FACT 88642,9DB94EEE-1A3C-2131-73DD-3BC6D06405A8
TX00243,2025-06-24,012580001234567890,out,95978.98,Aceros Apodaca S de RL de CV,058425592962567064,PAGO FACT 15812,1B4FFD5F-C768-8339-27EF-53575B249C2A
TX00244,2025-06-25,012580001234567890,out,89798.38,Hidráulica Apodaca SAPI de CV,002290297721441525,PAGO FACT 66421,719B2DD6-17B4-E75B-E9D1-8EC233BCB8A9
TX00245,2025-06-25,012580001234567890,out,146682.0,Soldadura Industrial SA de CV,072101837512445132,PAGO FACT 87600,E744AA30-B135-6D67-6D4E-C8A4C4F4B844
TX00246,2025-06-25,012580001234567890,in,308651.15,Grupo Montemayor S de RL de CV,014133686941179027,COBRO F1398,D17AD9BD-B1BA-0BEA-F969-057979DDCDD4
TX00247,2025-06-26,012580001234567890,out,14372.4,Aceros de México S de RL de CV,072880371318781446,PAGO FACT 14037,105F86AA-974E-8F83-D5D9-A3852BB24CBC
TX00248,2025-06-27,012580001234567890,out,20462.28,Distribuidora Industrial S de RL de CV,021273872090747664,PAGO FACT 61836,C34201DB-2C3A-ACDC-AED5-4A468BDE005B
TX00249,2025-06-27,012580001234567890,out,224379.38,Metálica San Nicolás SA de CV,072463414408727065,PAGO FACT 93393,5170CA8A-A00E-0B60-64EE-C4C19714FADC
TX00250,2025-06-30,012580001234567890,out,208426.25,Grupo Guadalupe SA de CV,072035061403237378,PAGO FACT 56703,601BFBCB-F0EE-BCCE-8D93-E14A5B167158
TX00251,2025-06-30,012580001234567890,out,36783.6,Refacciones Regiomontana S de RL de CV,002466589120859208,PAGO FACT 1297,4CB34663-7A21-1151-C166-A8B3F26BCEBF
TX00252,2025-06-30,012580001234567890,out,58359.6,Servicios Guadalupe S de RL de CV,072267963609841748,PAGO FACT 97094,3581A632-54F5-DF70-05D2-D205789FED96
TX00253,2025-06-30,012580001234567890,out,430011.69,NOMINA,,NOMINA QUINCENAL,
TX00254,2025-07-01,012580001234567890,out,67674.98,Refacciones Apodaca S de RL de CV,002876210248046164,PAGO FACT 49579,72D35458-61EA-2F30-E42E-707AFE2BD987
TX00255,2025-07-01,012580001234567890,out,34208.28,Industrias Apodaca SA de CV,021340837908549238,PAGO FACT 76650,8DA5D39B-42C2-1797-0426-FCC9255B30E2
TX00256,2025-07-01,012580001234567890,in,74491.86,Envases Villarreal SA de CV,072390809722560856,COBRO F1454,6D56CFD5-79AB-3018-87F3-C9A4CD1A810D
TX00257,2025-07-03,012580001234567890,in,98743.74,Envases Rodríguez SAPI de CV,002744493163720449,COBRO F1411,6CC0067F-141F-746E-FB29-FF362155FBA8
TX00258,2025-07-04,012580001234567890,out,43291.2,Herramientas Monterrey SA de CV,021578686926242393,PAGO FACT 39266,A3760C2D-7B31-DCDC-40D9-1A8E1F44AA88
TX00259,2025-07-04,012580001234567890,out,38720.68,Herramientas Monterrey SA de CV,021578686926242393,PAGO FACT 4199,2DBB45BD-2138-E2E6-F013-A170D5CF3B4C
TX00260,2025-07-04,012580001234567890,in,84088.54,Construcciones Elizondo SA de CV,012230486458487734,COBRO F1479,4C23E844-3C47-22F3-C1B4-FD44D29CF92A
TX00261,2025-07-07,012580001234567890,out,28419.88,Aceros Regiomontana S de RL de CV,072598675858742267,PAGO FACT 77650,8E85140D-0F9A-EB70-4670-7CD64CEDA164
TX00262,2025-07-07,012580001234567890,out,49288.98,Distribuidora Industrial S de RL de CV,021273872090747664,PAGO FACT 28073,00473139-185D-F528-B425-8E191758D47E
TX00263,2025-07-07,012580001234567890,out,27875.38,Grupo Monterrey S de RL de CV,014856844373989238,PAGO FACT 10122,A06A187D-E2E6-E7A6-BBC9-94734363589C
TX00264,2025-07-07,012580001234567890,out,17760.18,Servicios Guadalupe S de RL de CV,021031934278352199,PAGO FACT 4707,075072D6-2BAC-F712-D6A9-19E886D895E5
TX00265,2025-07-07,012580001234567890,out,219532.78,Hidráulica Apodaca SAPI de CV,002290297721441525,PAGO FACT 79488,922BDA48-2A7C-F9E9-D7A7-E7B188C62063
TX00266,2025-07-07,012580001234567890,out,348000.0,Promotora Comercial Chapa SA de CV,012060226260847497,PAGO FACT 87263,EAECF4E0-E819-09CE-0DD7-CAC28A1055C5
TX00267,2025-07-08,012580001234567890,out,87000.0,Electrónica Industrial S de RL de CV,002740935513325437,PAGO FACT 19415,AE5A5F99-F1BB-5D9B-7499-BB6B9AFDD464
TX00268,2025-07-09,012580001234567890,in,58409.98,Envases Rodríguez SAPI de CV,002744493163720449,COBRO F1410,20F36E92-38EC-71AA-1E5C-5DA8D087EDCB
TX00269,2025-07-09,012580001234567890,out,232000.0,Neumática Regiomontana SAPI de CV,127601932254303939,PAGO FACT 54501,2CD51392-D98F-5E83-CF5B-294DD2CC4853
TX00270,2025-07-10,012580001234567890,out,193131.18,Hidráulica Apodaca SAPI de CV,002290297721441525,PAGO FACT 31248,E0864418-7F3E-F59B-1638-613769F35B2D
TX00271,2025-07-11,012580001234567890,out,34437.85,Refacciones Regiomontana S de RL de CV,002466589120859208,PAGO FACT 43386,081FEC82-CA9A-CF77-B26A-51A576B40672
TX00272,2025-07-11,012580001234567890,out,181923.38,Metálica Escobedo SAPI de CV,014963593378687656,PAGO FACT 25135,A925DE85-6258-8CE9-F7AE-EDE80A119BAC
TX00273,2025-07-11,012580001234567890,out,111360.0,Gestoría y Enlace San Nicolás S de RL de CV,127967249590173425,PAGO FACT 88579,08D16094-B6E3-B91B-3777-D8232D8D7DB8
TX00274,2025-07-14,012580001234567890,out,10396.38,Electrónica Regiomontana SAPI de CV,002538819687479285,PAGO FACT 1356,F3ABEA0D-5BE9-FDB3-DD92-DD7C0DB977A9
TX00275,2025-07-14,012580001234567890,out,110209.05,Industrias Nuevo León SA de CV,058722831908112160,PAGO FACT 71616,902A405C-3D9F-FE59-9BC0-FA9352CDADEF
TX00276,2025-07-14,012580001234567890,out,58043.85,Grupo del Norte SAPI de CV,012790534133958170,PAGO FACT 17345,E606D7C2-1E18-046D-2E42-1840A05F36C8
TX00277,2025-07-14,012580001234567890,out,43441.88,Ferretera Monterrey S de RL de CV,012098671286174002,PAGO FACT 11434,3ACDC514-DAE1-8B28-8D81-64B0F85AD287
TX00278,2025-07-14,012580001234567890,in,107943.43,Grupo Martínez SAPI de CV,014217435224929418,COBRO F1432,402D35E8-1F47-D902-1BA8-4A917462F144
TX00279,2025-07-15,012580001234567890,in,294000.0,Comercializadora Hernández SAPI de CV,058600945757007124,COBRO F1574,A1396D49-713E-9035-2EFC-D60C5256CD59
TX00280,2025-07-16,012580001234567890,out,116501.58,Suministros Monterrey S de RL de CV,058685848483733296,PAGO FACT 76256,2379C05F-A708-7280-34EE-0B6721BBD183
TX00281,2025-07-17,012580001234567890,out,25241.48,Industrias Apodaca SA de CV,021340837908549238,PAGO FACT 44345,AF521B94-F186-E47A-A794-63208CF6E8B8
TX00282,2025-07-17,012580001234567890,in,333310.64,Construcciones Hernández SA de CV,014646706457108641,COBRO F1424,8DCD6E9B-39D2-D74A-71A7-1782D751AF9C
TX00283,2025-07-18,012580001234567890,out,148607.48,Soldadura Industrial SA de CV,072101837512445132,PAGO FACT 34522,797EB3E4-63DB-A8C8-B4A2-B699AEFA823B
TX00284,2025-07-21,012580001234567890,out,16738.68,Distribuidora Industrial S de RL de CV,021273872090747664,PAGO FACT 75323,1A57F9E4-C5F8-E2F8-414F-499428457780
TX00285,2025-07-21,012580001234567890,out,128226.28,Transportes Apodaca SAPI de CV,012362985433945965,PAGO FACT 83251,0DBDC5DA-7875-15B9-1E26-ED31D9E92758
TX00286,2025-07-21,012580001234567890,out,28057.85,Servicios Guadalupe S de RL de CV,021031934278352199,PAGO FACT 17809,71E15B9F-8C6D-768E-45BC-F3BAEF52D36E
TX00287,2025-07-21,012580001234567890,out,66363.48,Suministros Monterrey S de RL de CV,058685848483733296,PAGO FACT 5147,B440B852-E033-500E-A432-62B38675820E
TX00288,2025-07-21,012580001234567890,out,49764.0,Ferretera Monterrey S de RL de CV,012098671286174002,PAGO FACT 50294,1C684DB0-0D33-3496-E352-85395D2E7B90
TX00289,2025-07-21,012580001234567890,in,238931.96,Grupo Montemayor S de RL de CV,014133686941179027,COBRO F1400,29CE9BFA-5B7D-9D2D-22AF-F503B17AFF6D
TX00290,2025-07-22,012580001234567890,out,124946.38,Servicios Guadalupe S de RL de CV,072267963609841748,PAGO FACT 33874,A033EDAD-0FDF-DE19-CFD8-35FC469FF562
TX00291,2025-07-22,012580001234567890,in,348322.71,Envases López SAPI de CV,072135125058454048,COBRO F1550,D544C79B-6AB7-6840-F5B5-AC7163EF5E69
TX00292,2025-07-23,012580001234567890,out,198733.98,Aceros Santa Catarina SA de CV,014109484060153917,PAGO FACT 75182,B3B6D344-F2E3-C6F0-0075-D3D5BA94AA66
TX00293,2025-07-23,012580001234567890,out,235793.08,Hidráulica Apodaca SAPI de CV,002290297721441525,PAGO FACT 12978,DF2E37E7-C4FC-BB84-24AE-FBEA53CC6B95
TX00294,2025-07-24,012580001234567890,in,306133.31,Grupo Martínez SAPI de CV,014217435224929418,COBRO F1435,A93C9413-1396-A289-C29A-988F18A95210
TX00295,2025-07-28,012580001234567890,out,234564.18,Aceros Santa Catarina SA de CV,014109484060153917,PAGO FACT 42513,CD6BB03B-EB35-37A0-2D6E-0291B7893986
TX00296,2025-07-28,012580001234567890,out,230120.68,Transportes Apodaca SAPI de CV,012362985433945965,PAGO FACT 24069,57BCAD3A-D0A1-7FE8-5F64-2A5317CBA85D
TX00297,2025-07-28,012580001234567890,out,173478.58,Metálica San Nicolás SA de CV,072463414408727065,PAGO FACT 14122,CBF85149-B6DA-99CD-D14B-256C67DB0943
TX00298,2025-07-28,012580001234567890,out,413872.9,NOMINA,,NOMINA QUINCENAL,
TX00299,2025-07-29,012580001234567890,out,187758.18,Soldadura Industrial SA de CV,072101837512445132,PAGO FACT 9006,D4E99A65-022B-7E76-AC3C-BE3402B53D3D
TX00300,2025-07-29,012580001234567890,in,122356.95,Grupo Salinas SAPI de CV,021577604977575166,COBRO F1489,D5AD86BC-F1DB-9AD8-6098-0B94E05B1892
TX00301,2025-07-30,012580001234567890,out,22748.18,Electrónica Regiomontana SAPI de CV,002538819687479285,PAGO FACT 73480,54BBBCF8-28FE-A761-8D49-FE3F2CA8F783
TX00302,2025-07-30,012580001234567890,out,122820.8,Servicios Guadalupe S de RL de CV,072267963609841748,PAGO FACT 58061,D2535515-9DC0-A8B5-5987-038AFCD6C18E
TX00303,2025-07-30,012580001234567890,in,251376.92,Manufacturas López SAPI de CV,058349998051929549,COBRO F1522,EBF484D0-CE6D-29BF-BC63-3D6C6EAF0A90
TX00304,2025-07-31,012580001234567890,out,173234.98,Pinturas del Norte SAPI de CV,012419423697713595,PAGO FACT 41930,65F30779-F6EE-5CDB-2D79-A2D1506E50C7
TX00305,2025-07-31,012580001234567890,in,176513.08,Envases Rodríguez SAPI de CV,002744493163720449,COBRO F1409,7122D7A0-D129-72D3-2396-6B835CD14B22
TX00306,2025-08-01,012580001234567890,out,39521.08,Refacciones Apodaca S de RL de CV,002876210248046164,PAGO FACT 555,390239D9-FA8D-AE42-BA54-E9202099D180
TX00307,2025-08-01,012580001234567890,out,36285.38,Grupo Nuevo León SAPI de CV,127342545876026850,PAGO FACT 52155,9FA4A627-D306-08BE-8548-867BAD5CBA24
TX00308,2025-08-01,012580001234567890,out,244850.25,Ferretera de México SAPI de CV,058215509941847528,PAGO FACT 98197,E2ED8686-B334-22CB-9A3F-0AD169A9AFF9
TX00309,2025-08-04,012580001234567890,in,129952.14,Envases Villarreal SA de CV,072390809722560856,COBRO F1456,83EF3CE9-9FFD-A1E7-4052-E3A566FD3215
TX00310,2025-08-05,012580001234567890,out,36075.88,Ferretera Monterrey S de RL de CV,012098671286174002,PAGO FACT 69942,ADA59CB2-882A-E449-B5B7-1C24785CA87B
TX00311,2025-08-05,012580001234567890,in,205327.45,Grupo López SAPI de CV,127967512170538560,COBRO F1445,5B7C57E8-FDF0-2450-585B-4B176D9B1EB1
TX00312,2025-08-05,012580001234567890,out,174000.0,Metálica Santa Catarina SA de CV,127790287445645713,PAGO FACT 52970,C0AC1C00-AF8E-26B2-6CFB-F1736B4D3D1A
TX00313,2025-08-06,012580001234567890,out,141123.05,Aceros Santa Catarina SA de CV,014109484060153917,PAGO FACT 71668,59EA4936-60F3-4EBC-E1BB-B8CD7E3A9F07
TX00314,2025-08-06,012580001234567890,in,304034.0,Grupo Martínez SAPI de CV,014217435224929418,COBRO F1443,48D0E602-FA4F-FBA8-C437-6D895A4EB9F3
TX00315,2025-08-07,012580001234567890,out,12237.88,Grupo Monterrey S de RL de CV,014856844373989238,PAGO FACT 33227,D5B211A9-9DEC-2B83-3885-8F7E2F1A25A8
TX00316,2025-08-08,012580001234567890,out,230596.4,Hidráulica Apodaca SAPI de CV,002290297721441525,PAGO FACT 16093,227197CA-7887-73ED-4AF7-15B7109EFB40
TX00317,2025-08-08,012580001234567890,out,9764.65,Soldadura de México SAPI de CV,072495668610432053,PAGO FACT 69097,BB3607B0-BAED-6F49-245F-D841147F0413
TX00318,2025-08-11,012580001234567890,out,107633.85,Neumática Apodaca S de RL de CV,012514640228022758,PAGO FACT 75166,798E175F-EFB5-6207-DDEC-C40BAFE3AF13
TX00319,2025-08-11,012580001234567890,out,81643.58,Neumática Apodaca S de RL de CV,012514640228022758,PAGO FACT 91904,032A461A-DF9B-7C1F-EACB-1F6D7549C9F9
TX00320,2025-08-11,012580001234567890,out,59424.25,Herramientas Monterrey SA de CV,021578686926242393,PAGO FACT 9127,290C4414-8DF5-0B01-DC4D-B762EA1AF7D2
TX00321,2025-08-11,012580001234567890,out,43061.98,Industrias Nuevo León SA de CV,058722831908112160,PAGO FACT 39461,CFA28FB8-4199-322E-3BA5-81263FF69F41
TX00322,2025-08-11,012580001234567890,in,221589.05,Grupo Montemayor S de RL de CV,014133686941179027,COBRO F1401,0C78947B-5B21-C9F0-F485-2088E97FB025
TX00323,2025-08-11,012580001234567890,in,130030.04,Construcciones Hernández SA de CV,014646706457108641,COBRO F1429,1F6D5768-677F-7C73-FD9B-FAF3D8125123
TX00324,2025-08-11,012580001234567890,in,49688.3,Envases López SAPI de CV,072135125058454048,COBRO F1543,6E89A7A8-B68D-4037-D8FE-3FB8A1628ABF
TX00325,2025-08-14,012580001234567890,out,190167.85,Transportes Apodaca SAPI de CV,012362985433945965,PAGO FACT 17468,1CF14654-2AB2-02C2-CC02-43C6E2D903C8
TX00326,2025-08-14,012580001234567890,out,10245.58,Grupo Monterrey S de RL de CV,014856844373989238,PAGO FACT 63928,4E336644-C657-20AE-5BD6-7D4D7202FAE5
TX00327,2025-08-14,012580001234567890,out,22573.48,Ferretera Monterrey S de RL de CV,012098671286174002,PAGO FACT 43999,236E9007-3468-0B6E-C609-0B78B5971E43
TX00328,2025-08-18,012580001234567890,out,108066.18,Refacciones Apodaca S de RL de CV,002876210248046164,PAGO FACT 95130,EFFA2002-3040-413C-4690-FB1527B608DC
TX00329,2025-08-18,012580001234567890,out,28315.6,Distribuidora Industrial S de RL de CV,021273872090747664,PAGO FACT 83734,7FE4A42E-3DB7-88A6-1CDC-C4C262C965B2
TX00330,2025-08-18,012580001234567890,out,17316.25,Distribuidora Industrial S de RL de CV,021273872090747664,PAGO FACT 72594,161D5C87-53C9-FE59-4F89-E3B2D847DC53
TX00331,2025-08-18,012580001234567890,out,15195.88,Distribuidora Industrial S de RL de CV,021273872090747664,PAGO FACT 44011,0274CE40-E090-16B6-B186-A5A8D6EE526B
TX00332,2025-08-18,012580001234567890,out,7989.85,Grupo Monterrey S de RL de CV,014856844373989238,PAGO FACT 87732,0AF57E60-3BE8-A5DF-5E93-4DE043ACE875
TX00333,2025-08-18,012580001234567890,out,11017.45,Pinturas San Nicolás S de RL de CV,021890726303659684,PAGO FACT 52283,B49B4B72-C631-9C16-5827-BC1D93E0F235
TX00334,2025-08-18,012580001234567890,out,440800.0,Rodríguez y Asociados SC,072651083822612788,PAGO FACT 90356,809BD813-4F13-823B-51F4-A72499503858
TX00335,2025-08-19,012580001234567890,out,126866.65,Aceros Apodaca S de RL de CV,058425592962567064,PAGO FACT 75583,FAB1996A-2192-5613-9247-E8512E0D3860
TX00336,2025-08-19,012580001234567890,in,382919.46,Construcciones Elizondo SA de CV,012230486458487734,COBRO F1471,6C412493-EF7C-EF26-3C66-7012BE741860
TX00337,2025-08-21,012580001234567890,out,201549.88,Aceros Apodaca S de RL de CV,058425592962567064,PAGO FACT 16489,05E9F407-DAAD-A0B1-2F13-2A6D2AD55C0B
TX00338,2025-08-25,012580001234567890,out,54146.25,Distribuidora Industrial S de RL de CV,021273872090747664,PAGO FACT 75850,8C1C8B05-5677-1F36-4899-8E5FD40E53CE
TX00339,2025-08-25,012580001234567890,out,59404.18,Transportes Apodaca SAPI de CV,012362985433945965,PAGO FACT 22249,812FAA38-96F6-1C09-059C-1BA0BBEC721D
TX00340,2025-08-25,012580001234567890,in,245105.05,Grupo Martínez SAPI de CV,014217435224929418,COBRO F1431,FCCE5213-6789-9D92-F33C-4C369A690CAD
TX00341,2025-08-26,012580001234567890,out,55680.0,Gestoría y Enlace San Nicolás S de RL de CV,127967249590173425,PAGO FACT 6970,71A91C81-4EEE-5680-B0BA-8FE363FF910D
TX00342,2025-08-28,012580001234567890,out,415984.53,NOMINA,,NOMINA QUINCENAL,
TX00343,2025-09-01,012580001234567890,out,236712.38,Grupo Guadalupe SA de CV,072035061403237378,PAGO FACT 51107,D9750F00-D5AB-A8AE-9112-FBC03D8F95F4
TX00344,2025-09-01,012580001234567890,out,141566.4,Transportes Apodaca SAPI de CV,012362985433945965,PAGO FACT 88957,DE4B061E-B45E-9463-032A-09E05071E5F0
TX00345,2025-09-01,012580001234567890,out,136149.08,Ferretera de México SAPI de CV,058215509941847528,PAGO FACT 81242,9AAD10CE-CAB2-4F24-1744-EE3FD36EC1BD
TX00346,2025-09-01,012580001234567890,out,64855.48,Ferretera de México SAPI de CV,058215509941847528,PAGO FACT 77342,A8909E31-7517-5F39-7354-44FBE44A0371
TX00347,2025-09-01,012580001234567890,out,183929.48,Ferretera de México SAPI de CV,058215509941847528,PAGO FACT 79922,FAC08FC4-6B2D-9CCC-6279-403CE1A2CFE7
TX00348,2025-09-01,012580001234567890,in,385071.25,Manufacturas López SAPI de CV,058349998051929549,COBRO F1525,A174A785-6F21-90CB-2FB5-04019D267076
TX00349,2025-09-02,012580001234567890,in,135880.82,Construcciones Hernández SA de CV,014646706457108641,COBRO F1421,C2EBBAA2-1CE3-70ED-6857-07AC3A40FE39
TX00350,2025-09-04,012580001234567890,out,86292.4,Aceros Santa Catarina SA de CV,014109484060153917,PAGO FACT 72728,B27B7BB4-68C6-90B2-30A2-CEE8F9722CC1
TX00351,2025-09-04,012580001234567890,in,310052.89,Construcciones Elizondo SA de CV,012230486458487734,COBRO F1480,A4F954FC-C449-21B6-CFEF-7811E124C3F2
TX00352,2025-09-05,012580001234567890,out,77906.18,Ferretera de México SAPI de CV,058215509941847528,PAGO FACT 38370,F6E5203C-A237-9E6F-D473-45345AEA6352
TX00353,2025-09-05,012580001234567890,out,166230.78,Metálica San Nicolás SA de CV,072463414408727065,PAGO FACT 10309,AB6B3F08-A9A0-F4EF-2C4F-54163C749C16
TX00354,2025-09-08,012580001234567890,out,44683.78,Neumática Apodaca S de RL de CV,012514640228022758,PAGO FACT 55592,0AECCEC7-204D-B9DA-3156-7F2ACEF74829
TX00355,2025-09-08,012580001234567890,out,90259.6,Ferretera de México SAPI de CV,058215509941847528,PAGO FACT 5426,6090103C-1E8D-F8AD-838B-77ADBC2E2B59
TX00356,2025-09-08,012580001234567890,out,112192.65,Servicios Guadalupe S de RL de CV,072267963609841748,PAGO FACT 97789,9249EE3A-79D1-9C4E-1521-AD35560F1E2D
TX00357,2025-09-08,012580001234567890,out,25065.05,Ferretera San Nicolás SA de CV,002657203516539575,PAGO FACT 55652,F8698E93-BA5E-4066-CE40-924A29EE29F4
TX00358,2025-09-08,012580001234567890,out,232000.0,Neumática Regiomontana SAPI de CV,127601932254303939,PAGO FACT 27163,E75182A4-F481-38B5-6395-09C4119A7396
TX00359,2025-09-09,012580001234567890,out,41948.38,Servicios Escobedo SAPI de CV,058034246116364526,PAGO FACT 66051,1287E313-8F02-6C2C-1B41-49998198D1F5
TX00360,2025-09-09,012580001234567890,in,342250.04,Autopartes Martínez SAPI de CV,072987012365319337,COBRO F1499,12B3C5EB-4198-0029-98E1-D54CBC715183
TX00361,2025-09-10,012580001234567890,out,42537.08,Neumática Apodaca S de RL de CV,012514640228022758,PAGO FACT 13233,F08CE6C2-F6FF-3521-C225-0530952A5345
TX00362,2025-09-10,012580001234567890,out,11460.8,Pinturas San Nicolás S de RL de CV,021890726303659684,PAGO FACT 26622,043D72DB-1BCB-404C-21D8-B96A62ADA157
TX00363,2025-09-10,012580001234567890,out,27570.65,Ferretera Monterrey S de RL de CV,012098671286174002,PAGO FACT 77664,38EFA3BC-9457-F388-6F2A-EC8A53C9AACB
TX00364,2025-09-11,012580001234567890,out,44024.78,Refacciones Regiomontana S de RL de CV,002466589120859208,PAGO FACT 20042,04F718C8-5215-B503-3012-F8197DF37378
TX00365,2025-09-11,012580001234567890,out,1793.0,Ferretera San Nicolás SA de CV,002657203516539575,PAGO FACT 95357,8720D00F-1263-01A0-641C-B619643058D9
TX00366,2025-09-12,012580001234567890,out,86791.2,Neumática Apodaca S de RL de CV,012514640228022758,PAGO FACT 53468,D2EFA93B-E9D6-BB7E-361D-B014711456DE
TX00367,2025-09-12,012580001234567890,out,243852.65,Transportes Apodaca SAPI de CV,012362985433945965,PAGO FACT 1945,5F8392D5-BB0C-7919-330C-CFF588A5FA0D
TX00368,2025-09-12,012580001234567890,out,130143.18,Soldadura Industrial SA de CV,072101837512445132,PAGO FACT 69737,EAEF2EC2-18EC-DE2B-0A80-2167F4B3F20E
TX00369,2025-09-12,012580001234567890,out,11428.78,Maquinados Apodaca SA de CV,014754116804397510,PAGO FACT 42788,E5FBC1C0-AD46-3549-BF41-13CB32E15F17
TX00370,2025-09-12,012580001234567890,in,416148.48,Manufacturas López SAPI de CV,058349998051929549,COBRO F1524,99AFEE64-9024-8225-44BB-10E079F7F38C
TX00371,2025-09-15,012580001234567890,out,20227.85,Grupo Monterrey S de RL de CV,014856844373989238,PAGO FACT 43600,A9D049DC-369E-5AF8-E226-49EE38A06FFE
TX00372,2025-09-15,012580001234567890,out,71488.25,Industrias Nuevo León SA de CV,058722831908112160,PAGO FACT 2236,9883E9B1-48D3-D2CE-FBA3-091F08DFAAF8
TX00373,2025-09-15,012580001234567890,out,49775.48,Ferretera Monterrey S de RL de CV,012098671286174002,PAGO FACT 91411,CF4994E0-7AB1-6533-64F2-2A7C87F797FA
TX00374,2025-09-15,012580001234567890,in,157871.95,Grupo Salinas S de RL de CV,014789135342202362,COBRO F1462,41A67C90-291C-0DA1-A563-0D3A497BC13B
TX00375,2025-09-15,012580001234567890,out,232000.0,Neumática Regiomontana SAPI de CV,127601932254303939,PAGO FACT 77103,4F70B88B-F06C-69D9-9339-304B9A8CB3D7
TX00376,2025-09-16,012580001234567890,out,5707.08,Maquinados Apodaca SA de CV,014754116804397510,PAGO FACT 60096,22EB69B1-5F9C-B7E0-6328-143E2D9563ED
TX00377,2025-09-17,012580001234567890,out,42528.38,Grupo Nuevo León SAPI de CV,127342545876026850,PAGO FACT 90389,BFBBEAB3-4237-8962-E4FD-6C34D6707A21
TX00378,2025-09-17,012580001234567890,out,83590.18,Transportes Apodaca SAPI de CV,012362985433945965,PAGO FACT 41179,2D445AF8-FC94-76B1-A18B-5D1555273407
TX00379,2025-09-17,012580001234567890,in,244699.08,Construcciones Elizondo SA de CV,012230486458487734,COBRO F1474,E1228E75-4719-8F5C-F69B-D5963F10938C
TX00380,2025-09-18,012580001234567890,out,58559.58,Distribuidora Industrial S de RL de CV,021273872090747664,PAGO FACT 88354,8085C147-1E91-0F36-5F70-5B2592502E59
TX00381,2025-09-19,012580001234567890,in,177759.92,Grupo Martínez SAPI de CV,014217435224929418,COBRO F1438,09360F02-75AC-0819-714B-5C03605797CF
TX00382,2025-09-19,012580001234567890,out,58000.0,Electrónica Industrial S de RL de CV,002740935513325437,PAGO FACT 95172,BAF9706D-802D-DCC4-DC95-6E3103491B41
TX00383,2025-09-22,012580001234567890,out,32213.08,Industrias Apodaca SA de CV,021340837908549238,PAGO FACT 69858,01B158E9-0406-FF44-7CE4-0679A8C6DBC0
TX00384,2025-09-22,012580001234567890,out,24418.0,Grupo Monterrey S de RL de CV,014856844373989238,PAGO FACT 73249,407D0AFF-CB51-A911-2D90-E4EE0DE4833E
TX00385,2025-09-22,012580001234567890,out,49856.8,Ferretera Monterrey S de RL de CV,012098671286174002,PAGO FACT 30551,CD4F2875-DF2D-DF20-05A4-3113101D759E
TX00386,2025-09-22,012580001234567890,in,125236.6,Construcciones Hernández SA de CV,014646706457108641,COBRO F1425,CD6C78DD-D74F-9844-E50E-A3EC11D1E7D5
TX00387,2025-09-22,012580001234567890,in,182084.7,Autopartes Quintanilla S de RL de CV,012604717059498419,COBRO F1518,E8292E3B-BBFC-5DC1-FFF4-46B9BB468C13
TX00388,2025-09-23,012580001234567890,out,129896.68,Transportes Apodaca SAPI de CV,012362985433945965,PAGO FACT 89981,B1F81AD9-349B-5089-2733-5670B3ADA2BA
TX00389,2025-09-24,012580001234567890,out,15242.4,Pinturas San Nicolás S de RL de CV,021890726303659684,PAGO FACT 67541,13BC0DC6-3AE0-ACDB-2A65-24AF709D338B
TX00390,2025-09-24,012580001234567890,out,124192.38,Soldadura Industrial SA de CV,072101837512445132,PAGO FACT 7555,178976DE-9E90-D107-0611-3BFE08B6F61D
TX00391,2025-09-24,012580001234567890,in,345264.3,Construcciones Elizondo SA de CV,012230486458487734,COBRO F1475,A538C6A7-0565-1E80-4EE4-5227D2450039
TX00392,2025-09-25,012580001234567890,out,221688.18,Ferretera de México SAPI de CV,058215509941847528,PAGO FACT 36558,54B58635-3DAB-1614-5215-0ED87DDCA413
TX00393,2025-09-25,012580001234567890,out,22350.65,Grupo Monterrey S de RL de CV,014856844373989238,PAGO FACT 873,88EAE7D4-1E49-4952-AC5D-4E5763B664F4
TX00394,2025-09-26,012580001234567890,out,32233.85,Neumática Apodaca S de RL de CV,012514640228022758,PAGO FACT 74056,44C07A9A-D64A-CB1F-39EB-038A436E3C49
TX00395,2025-09-26,012580001234567890,out,177097.78,Servicios Guadalupe S de RL de CV,072267963609841748,PAGO FACT 5799,86DC4E34-A9DC-FE52-E7F2-418A953FCFD4
TX00396,2025-09-26,012580001234567890,in,412535.49,Construcciones Quintanilla S de RL de CV,014739715501344653,COBRO F1482,290C42F8-D30B-EF65-19B3-8619D1FB55B1
TX00397,2025-09-29,012580001234567890,out,29870.0,Distribuidora Industrial S de RL de CV,021273872090747664,PAGO FACT 91495,AA055442-A284-E8FD-755C-EE2AF8DED777
TX00398,2025-09-29,012580001234567890,out,158966.28,Aceros Santa Catarina SA de CV,014109484060153917,PAGO FACT 35034,3DBC3093-A828-4442-3F73-8F5019A2676F
TX00399,2025-09-29,012580001234567890,out,70040.8,Aceros Santa Catarina SA de CV,014109484060153917,PAGO FACT 9825,1ACF42C5-F3A0-2120-42D9-43EE51976E75
TX00400,2025-09-29,012580001234567890,out,115051.58,Neumática Apodaca S de RL de CV,012514640228022758,PAGO FACT 48730,2F546033-6334-FA2A-8B4B-D7E7A4515AE0
TX00401,2025-09-29,012580001234567890,out,229097.45,Aceros Apodaca S de RL de CV,058425592962567064,PAGO FACT 22064,2514C7CE-F4E3-5F7B-A1B7-E3D876B874D3
TX00402,2025-09-29,012580001234567890,out,51921.6,Herramientas Monterrey SA de CV,021578686926242393,PAGO FACT 87394,85695F97-180D-C855-C55F-FDE8BC3E1D19
TX00403,2025-09-29,012580001234567890,out,9166.78,Suministros Regiomontana S de RL de CV,058490231514835122,PAGO FACT 92666,1D39E9C2-1758-4F23-1FA0-9802BBB71494
TX00404,2025-09-29,012580001234567890,in,169793.13,Envases García S de RL de CV,127766932944937978,COBRO F1529,EAD44E11-1397-A29F-8D0D-F6F60C37EB80
TX00405,2025-09-29,012580001234567890,in,55088.97,Envases López SAPI de CV,072135125058454048,COBRO F1548,78202426-3134-1AB8-B9E8-D78149BB1313
TX00406,2025-09-29,012580001234567890,out,428172.47,NOMINA,,NOMINA QUINCENAL,
TX00407,2025-09-30,012580001234567890,out,75539.78,Servicios San Nicolás SAPI de CV,014273796172575982,PAGO FACT 29235,FB8986C8-C7EC-FE71-D493-47FC0FC98D2E
TX00408,2025-09-30,012580001234567890,out,164952.0,Servicios Guadalupe S de RL de CV,072267963609841748,PAGO FACT 64316,5564D1D3-4E0F-BAE1-8787-C3F4EC19E4EB
TX00409,2025-09-30,012580001234567890,in,269555.42,Envases García S de RL de CV,127766932944937978,COBRO F1535,0367EE2C-1DDE-A07D-651A-6277017F319F
TX00410,2025-10-01,012580001234567890,out,55830.68,Ferretera Monterrey S de RL de CV,012098671286174002,PAGO FACT 92261,DFCB821B-237C-DB55-C596-FAB776B90472
TX00411,2025-10-03,012580001234567890,out,8111.18,Aceros Regiomontana S de RL de CV,072598675858742267,PAGO FACT 19658,6883AC6E-6A94-4054-B241-4482519894D8
TX00412,2025-10-03,012580001234567890,out,67572.78,Aceros Santa Catarina SA de CV,014109484060153917,PAGO FACT 69019,E2789642-A484-E035-330F-AAA36B52F93C
TX00413,2025-10-03,012580001234567890,in,101489.59,Autopartes Martínez SAPI de CV,072987012365319337,COBRO F1504,6ED47A6D-87C9-DAAC-B5D3-4F2F513BB65C
TX00414,2025-10-03,012580001234567890,in,164549.69,Autopartes Martínez SAPI de CV,072987012365319337,COBRO F1506,D45FF4DB-9CE9-1544-4362-262DE07EE721
TX00415,2025-10-03,012580001234567890,in,335298.28,Envases García S de RL de CV,127766932944937978,COBRO F1536,BE86F5D0-F73E-EB07-A860-25BFDE68666D
TX00416,2025-10-06,012580001234567890,in,102562.29,Grupo Martínez SAPI de CV,014217435224929418,COBRO F1440,C3963BF9-7CC9-D887-639A-C771B739A28A
TX00417,2025-10-06,012580001234567890,in,419179.75,Autopartes Villarreal SAPI de CV,072972163989822734,COBRO F1507,7DC42F12-FE9B-D0E1-BCA3-765350C76BAA
TX00418,2025-10-06,012580001234567890,in,93376.2,Autopartes Villarreal SAPI de CV,072972163989822734,COBRO F1511,1FA7CDDF-25E6-D919-DDEB-CD5CB8427379
TX00419,2025-10-06,012580001234567890,out,6989.3,Refacciones San Nicolás S de RL de CV,072633487067317933,PAGO FACT 85889,6AB62DBF-8663-E8BB-6AF7-895BB241CFD3
TX00420,2025-10-06,012580001234567890,out,15743.18,Refacciones San Nicolás S de RL de CV,072633487067317933,PAGO FACT 45067,AE8E6075-5EEB-C618-5628-27686DF0AC3C
TX00421,2025-10-07,012580001234567890,out,140348.98,Servicios Guadalupe S de RL de CV,072267963609841748,PAGO FACT 85591,65339CF0-7CE4-770E-32B7-3D808F2E08D3
TX00422,2025-10-07,012580001234567890,in,171844.22,Autopartes Hernández S de RL de CV,012188850611322279,COBRO F1528,E724B119-AF2F-32A7-20B6-D43CFBF3A106
TX00423,2025-10-08,012580001234567890,out,29150.68,Soldadura de México SAPI de CV,072495668610432053,PAGO FACT 38716,F5E8A7E1-5A58-9B67-6BC7-B63554DE19CD
TX00424,2025-10-08,012580001234567890,out,348000.0,Promotora Comercial Chapa SA de CV,012060226260847497,PAGO FACT 38977,7FAC89FE-5FE0-C7C3-2336-D60B0F571D6B
TX00425,2025-10-09,012580001234567890,out,21866.58,Suministros Regiomontana S de RL de CV,058490231514835122,PAGO FACT 44034,2BBF1E35-C4AC-B57D-0B3D-6DC9616F760A
TX00426,2025-10-10,012580001234567890,out,208535.98,Ferretera de México SAPI de CV,058215509941847528,PAGO FACT 89903,C9C1AD45-F4EA-6B97-6AA4-15B56336C815
TX00427,2025-10-10,012580001234567890,in,280182.92,Grupo Salinas S de RL de CV,014789135342202362,COBRO F1464,E7D90C1B-A59C-AEED-6C09-72046FA6681C
TX00428,2025-10-13,012580001234567890,out,112334.4,Neumática Apodaca S de RL de CV,012514640228022758,PAGO FACT 93104,4FA5C35E-10CC-4604-28B2-6B1BCA9F1D59
TX00429,2025-10-13,012580001234567890,out,10463.08,Soldadura de México SAPI de CV,072495668610432053,PAGO FACT 54787,D707CB6D-5C3B-D3B5-ECAA-DAFBD7E4527A
TX00430,2025-10-13,012580001234567890,in,260777.35,Envases López SAPI de CV,072135125058454048,COBRO F1545,ADBD2E33-EF6E-9295-9C8A-F485B98050A6
TX00431,2025-10-14,012580001234567890,out,15543.88,Pinturas San Nicolás S de RL de CV,021890726303659684,PAGO FACT 63308,17DB4C2F-1E15-8E2F-C09C-2EBE80DA2ED7
TX00432,2025-10-14,012580001234567890,in,428934.62,Envases Rodríguez SAPI de CV,002744493163720449,COBRO F1408,EC6494E0-2198-6E3C-D19F-CF311DD73F1F
TX00433,2025-10-14,012580001234567890,in,329577.67,Grupo Martínez SAPI de CV,014217435224929418,COBRO F1434,9AC60306-61F4-3C2B-2DD9-3719F8D9BF33
TX00434,2025-10-14,012580001234567890,out,232000.0,Neumática Regiomontana SAPI de CV,127601932254303939,PAGO FACT 37837,1752815C-BCBF-1583-0A01-75E5937D6FB1
TX00435,2025-10-14,012580001234567890,in,294000.0,Comercializadora Hernández SAPI de CV,058600945757007124,COBRO F1570,991B749E-B9AD-D00A-EC64-8A9B3CF1C29E
TX00436,2025-10-14,012580001234567890,out,12146.92,Refacciones San Nicolás S de RL de CV,072633487067317933,PAGO FACT 62385,A8AC1AB1-AFA9-D02C-9E4C-4BE773B0E73D
TX00437,2025-10-14,012580001234567890,out,1733.25,Ferretera San Nicolás SA de CV,002657203516539575,PAGO FACT 7808,606FFA15-F76C-432E-B442-8CDE4A9F6C5C
TX00438,2025-10-15,012580001234567890,out,74240.0,Gestoría y Enlace San Nicolás S de RL de CV,127967249590173425,PAGO FACT 12761,38772265-102C-01A3-AB40-4598AE11D3C2
TX00439,2025-10-17,012580001234567890,out,111464.4,Neumática Apodaca S de RL de CV,012514640228022758,PAGO FACT 58179,BE64AC2A-F966-71A5-4CEC-495B226716E3
TX00440,2025-10-20,012580001234567890,in,205953.91,Autopartes Martínez SAPI de CV,072987012365319337,COBRO F1495,999F0691-34E4-20BF-DB38-F3066E6A3D5B
TX00441,2025-10-21,012580001234567890,in,352482.96,Grupo Montemayor S de RL de CV,014133686941179027,COBRO F1399,29B05B37-4271-0779-D864-465A047DD583
TX00442,2025-10-21,012580001234567890,in,92468.03,Construcciones Hernández SA de CV,014646706457108641,COBRO F1422,5C7AE8EF-C324-5E35-7EED-CC6522CB2720
TX00443,2025-10-22,012580001234567890,out,207979.18,Aceros Santa Catarina SA de CV,014109484060153917,PAGO FACT 3516,2E0869C1-453B-45FE-636C-F4995254AAD3
TX00444,2025-10-22,012580001234567890,in,135329.09,Envases Villarreal SA de CV,072390809722560856,COBRO F1458,F0278488-BE01-5802-D2EB-A277F64D4DE0
TX00445,2025-10-22,012580001234567890,out,87000.0,Electrónica Industrial S de RL de CV,002740935513325437,PAGO FACT 77210,FCCE3EF8-A41B-C4C2-4ECC-B0AB7D5338CA
TX00446,2025-10-23,012580001234567890,out,104889.98,Grupo Guadalupe SA de CV,072035061403237378,PAGO FACT 60261,67F1698C-F594-8A54-5F80-4EEB143A9AFF
TX00447,2025-10-23,012580001234567890,out,29496.25,Electrónica Regiomontana SAPI de CV,002538819687479285,PAGO FACT 70473,B39E4DF2-5C0A-1FEB-F7EA-E66ECA6CAF9B
TX00448,2025-10-23,012580001234567890,out,87000.0,Electrónica Industrial S de RL de CV,002740935513325437,PAGO FACT 32447,BC547D54-6C8D-E840-ED30-555662A53193
TX00449,2025-10-24,012580001234567890,in,309304.08,Autopartes Hernández S de RL de CV,012188850611322279,COBRO F1527,77DD362B-4A6B-836B-157F-108B86514886
TX00450,2025-10-27,012580001234567890,out,45544.38,Industrias Apodaca SA de CV,021340837908549238,PAGO FACT 13024,774C0AFA-7F4D-908C-E1FF-F6C08347F1DA
TX00451,2025-10-27,012580001234567890,out,11080.78,Electrónica Regiomontana SAPI de CV,002538819687479285,PAGO FACT 89137,83B0B35C-DBA6-FDF8-F3D0-4FFB44709848
TX00452,2025-10-27,012580001234567890,out,113517.6,Neumática Apodaca S de RL de CV,012514640228022758,PAGO FACT 7653,3362D476-D53A-E57F-E00B-D5343158F1FB
TX00453,2025-10-27,012580001234567890,out,11658.0,Aceros de México S de RL de CV,072880371318781446,PAGO FACT 25253,3C52D68A-8EC6-1BE5-012B-809E6B358D15
TX00454,2025-10-27,012580001234567890,out,10344.65,Aceros de México S de RL de CV,072880371318781446,PAGO FACT 19658,CBEED3E3-1CD8-89E2-3197-91670D95EE72
TX00455,2025-10-27,012580001234567890,in,313224.07,Grupo Montemayor S de RL de CV,014133686941179027,COBRO F1402,C4359252-319D-D940-838C-C13713AAE9C8
TX00456,2025-10-27,012580001234567890,in,228122.28,Autopartes Martínez SAPI de CV,072987012365319337,COBRO F1493,D3C724E8-7426-32D7-EDA4-13C6EB8466E4
TX00457,2025-10-28,012580001234567890,out,12249.6,Aceros Regiomontana S de RL de CV,072598675858742267,PAGO FACT 95981,D0D75E37-3BF2-025F-4A0D-2B73FE54EE4B
TX00458,2025-10-28,012580001234567890,out,18316.28,Grupo Monterrey S de RL de CV,014856844373989238,PAGO FACT 25975,1923CAFC-402D-105B-113E-AF84ABF39096
TX00459,2025-10-28,012580001234567890,out,57585.18,Aceros Apodaca S de RL de CV,058425592962567064,PAGO FACT 44925,BFB0942C-AC77-7762-6620-516717CF775F
TX00460,2025-10-28,012580001234567890,out,9836.68,Suministros Regiomontana S de RL de CV,058490231514835122,PAGO FACT 3365,736D417C-52CE-55E3-69DF-05C764A0053F
TX00461,2025-10-28,012580001234567890,out,13908.98,Ferretera San Nicolás SA de CV,002657203516539575,PAGO FACT 41600,FE67E8E9-0A88-E6CA-1DEE-4B6D3CE75D1E
TX00462,2025-10-28,012580001234567890,out,413027.11,NOMINA,,NOMINA QUINCENAL,
TX00463,2025-10-29,012580001234567890,out,220437.58,Grupo Guadalupe SA de CV,072035061403237378,PAGO FACT 30215,0AE4AC11-EB4D-8F42-8735-70A2E5110961
TX00464,2025-10-30,012580001234567890,out,70307.6,Transportes Apodaca SAPI de CV,012362985433945965,PAGO FACT 38900,FA2FBD74-FD19-35CC-74ED-A60E3B2D520B
TX00465,2025-10-30,012580001234567890,out,17339.45,Soldadura de México SAPI de CV,072495668610432053,PAGO FACT 79342,6CBDD931-2F90-0058-39CA-28265AF56A23
TX00466,2025-10-30,012580001234567890,out,25726.25,Ferretera San Nicolás SA de CV,002657203516539575,PAGO FACT 66607,8BD03267-BD0E-01CE-F85B-C2D301196E6D
TX00467,2025-10-30,012580001234567890,in,162709.26,Grupo Martínez SAPI de CV,014217435224929418,COBRO F1430,97F971D5-94F8-9E6C-C416-C07CB6A787B1
TX00468,2025-10-30,012580001234567890,in,63434.62,Autopartes Villarreal SAPI de CV,072972163989822734,COBRO F1510,8F942977-B582-EF0C-FD23-36F45B44E6ED
TX00469,2025-10-31,012580001234567890,out,180122.25,Transportes Apodaca SAPI de CV,012362985433945965,PAGO FACT 86294,D73418FE-2B84-3EF3-D86D-655D4CD99164
TX00470,2025-11-03,012580001234567890,out,242414.25,Aceros Apodaca S de RL de CV,058425592962567064,PAGO FACT 75403,FC40A3D4-E5EB-4549-7E0A-04C250BF2995
TX00471,2025-11-03,012580001234567890,out,50654.65,Ferretera Monterrey S de RL de CV,012098671286174002,PAGO FACT 11992,A5CBBF6F-3D33-3164-4BB8-EBE25BC07988
TX00472,2025-11-05,012580001234567890,out,20068.0,Suministros Regiomontana S de RL de CV,058490231514835122,PAGO FACT 6561,F66C7331-A172-2EE3-C3E1-847C8420E0D8
TX00473,2025-11-06,012580001234567890,out,4976.98,Pinturas San Nicolás S de RL de CV,021890726303659684,PAGO FACT 11086,DBEAE9F8-E8FB-5A96-3B85-F6E1C40F5405
TX00474,2025-11-06,012580001234567890,out,116507.85,Suministros Monterrey S de RL de CV,058685848483733296,PAGO FACT 41714,2875D40A-EAC7-DC2E-9099-A283EEDB0CE5
TX00475,2025-11-06,012580001234567890,out,223685.58,Soldadura Industrial SA de CV,072101837512445132,PAGO FACT 65104,277664D0-D25C-7D37-EF16-D03B987593C3
TX00476,2025-11-10,012580001234567890,out,522000.0,Promotora Comercial Chapa SA de CV,012060226260847497,PAGO FACT 99779,A4C31AF7-514A-36BF-4733-4B73225F52AB
TX00477,2025-11-11,012580001234567890,out,24986.98,Ferretera San Nicolás SA de CV,002657203516539575,PAGO FACT 84058,F4BE28B4-4CD7-E6F7-433E-CD2C276E1D67
TX00478,2025-11-12,012580001234567890,in,189112.65,Autopartes Hernández S de RL de CV,012188850611322279,COBRO F1526,A5C9CF20-3967-26AA-AD2B-2C8276A990F1
TX00479,2025-11-14,012580001234567890,out,57373.48,Metálica San Nicolás SA de CV,072463414408727065,PAGO FACT 72043,5E85643C-0FFA-2366-4B4F-AFAFDA3DC780
TX00480,2025-11-17,012580001234567890,out,152412.98,Transportes Apodaca SAPI de CV,012362985433945965,PAGO FACT 11765,ABF0263E-0343-8B64-00B3-700F3C088990
TX00481,2025-11-17,012580001234567890,out,149860.28,Transportes Apodaca SAPI de CV,012362985433945965,PAGO FACT 80231,5BCD236C-C777-4FAE-6137-58C39C7FACA6
TX00482,2025-11-17,012580001234567890,out,53649.88,Servicios Escobedo SAPI de CV,058034246116364526,PAGO FACT 63490,902BD154-6088-5550-F74F-690071594914
TX00483,2025-11-17,012580001234567890,out,74759.45,Metálica San Nicolás SA de CV,072463414408727065,PAGO FACT 14353,9927839B-11D1-CE50-67E2-189BF4B4C704
TX00484,2025-11-17,012580001234567890,out,23315.88,Ferretera San Nicolás SA de CV,002657203516539575,PAGO FACT 5353,7A9E8394-BB4C-CB14-1CC0-B764B06BEFCA
TX00485,2025-11-17,012580001234567890,in,441000.0,Comercializadora Hernández SAPI de CV,058600945757007124,COBRO F1572,54CE20EA-BB9D-92C0-D8D0-B8DB3AA06694
TX00486,2025-11-18,012580001234567890,out,21181.48,Grupo Monterrey S de RL de CV,014856844373989238,PAGO FACT 70836,E4DC4306-8B20-CE3E-42B7-C0488D3543BE
TX00487,2025-11-19,012580001234567890,out,178953.78,Ferretera de México SAPI de CV,058215509941847528,PAGO FACT 88229,586528E6-AFC5-C20E-4A63-6AF5B6E1E7AC
TX00488,2025-11-19,012580001234567890,out,10787.88,Grupo Monterrey S de RL de CV,014856844373989238,PAGO FACT 41153,013CA998-2B2B-F58C-6DA5-8DADF56AABC0
TX00489,2025-11-20,012580001234567890,out,43314.28,Distribuidora Industrial S de RL de CV,021273872090747664,PAGO FACT 86398,D90F74E9-06DD-F6CA-B0C3-0A59F0F7AD22
TX00490,2025-11-20,012580001234567890,in,53779.15,Grupo Martínez SAPI de CV,014217435224929418,COBRO F1437,6E2F1D3B-FD9F-45F4-0816-D739C3933447
TX00491,2025-11-21,012580001234567890,in,321409.75,Construcciones Hernández SA de CV,014646706457108641,COBRO F1427,65125D2E-24B3-BC8E-1E85-0F8015C2F297
TX00492,2025-11-24,012580001234567890,out,208083.58,Pinturas del Norte SAPI de CV,012419423697713595,PAGO FACT 47943,64976593-C92E-8C93-D105-C8D647C1C017
TX00493,2025-11-24,012580001234567890,out,19311.45,Electrónica Regiomontana SAPI de CV,002538819687479285,PAGO FACT 58276,D703262F-B5CB-E3F5-6A66-C1847DE1BF5D
TX00494,2025-11-24,012580001234567890,out,56364.98,Ferretera Monterrey S de RL de CV,012098671286174002,PAGO FACT 89258,80E9B300-4471-9067-E5DE-F08E5A4B4FDB
TX00495,2025-11-24,012580001234567890,in,365130.71,Envases Rodríguez SAPI de CV,002744493163720449,COBRO F1418,31094211-B73F-6E64-378D-2F8D8761F9DA
TX00496,2025-11-24,012580001234567890,in,63573.8,Autopartes Martínez SAPI de CV,072987012365319337,COBRO F1503,80F58B81-2B7C-5EE3-42A2-79502DEB5687
TX00497,2025-11-25,012580001234567890,out,76919.6,Servicios San Nicolás SAPI de CV,014273796172575982,PAGO FACT 70344,1EE89A4C-6811-34E2-5064-7C59774F6354
TX00498,2025-11-25,012580001234567890,out,6853.05,Aceros de México S de RL de CV,072880371318781446,PAGO FACT 58991,88B04B77-7FEB-4CF3-4EC7-7371A4B65CFA
TX00499,2025-11-28,012580001234567890,out,27489.45,Ferretera San Nicolás SA de CV,002657203516539575,PAGO FACT 25678,A42D10F5-9BAF-CC20-0E16-AF3F538CC0CA
TX00500,2025-11-28,012580001234567890,out,422479.53,NOMINA,,NOMINA QUINCENAL,
TX00501,2025-12-01,012580001234567890,out,52257.88,Distribuidora Industrial S de RL de CV,021273872090747664,PAGO FACT 25714,7E4CE29F-F8CB-AB4C-9779-0E845E472E22
TX00502,2025-12-01,012580001234567890,out,110768.4,Transportes Apodaca SAPI de CV,012362985433945965,PAGO FACT 42716,A3FE0479-46C7-9B36-FD05-39635616AF7E
TX00503,2025-12-01,012580001234567890,out,168304.98,Metálica San Nicolás SA de CV,072463414408727065,PAGO FACT 89171,91FDA27F-4CBB-7460-510C-8C48E09EF2A3
TX00504,2025-12-01,012580001234567890,in,205668.85,Autopartes Quintanilla S de RL de CV,012604717059498419,COBRO F1520,3D75E423-2D92-1DAB-4152-6BFF661B9738
TX00505,2025-12-02,012580001234567890,out,23861.08,Electrónica Regiomontana SAPI de CV,002538819687479285,PAGO FACT 27224,34E50699-C8EB-E27A-23A4-E70E9DBC15C0
TX00506,2025-12-03,012580001234567890,in,321770.05,Grupo Martínez SAPI de CV,014217435224929418,COBRO F1439,B4C04BDF-E27B-B6C4-4D94-5434C7859C05
TX00507,2025-12-05,012580001234567890,out,156451.98,Aceros Apodaca S de RL de CV,058425592962567064,PAGO FACT 6353,915D9A63-DBC6-C928-8FE8-4E20403FD582
TX00508,2025-12-05,012580001234567890,out,18200.28,Servicios Guadalupe S de RL de CV,021031934278352199,PAGO FACT 40687,88A613B4-A3B8-1F92-A3C9-0C6A86017633
TX00509,2025-12-08,012580001234567890,out,129725.58,Pinturas del Norte SAPI de CV,012419423697713595,PAGO FACT 85432,D2D33488-D0C3-0018-6E3C-DD4F55B145E4
TX00510,2025-12-08,012580001234567890,out,225049.05,Ferretera de México SAPI de CV,058215509941847528,PAGO FACT 99073,5E244824-A5CB-3C6E-B5A4-C55BB4629214
TX00511,2025-12-08,012580001234567890,out,42943.2,Herramientas Monterrey SA de CV,021578686926242393,PAGO FACT 44457,9E5F8273-AF9A-1168-1766-17957FFAB493
TX00512,2025-12-08,012580001234567890,in,348781.94,Envases García S de RL de CV,127766932944937978,COBRO F1533,9FB209B1-732F-C932-AB96-2697C1E1F813
TX00513,2025-12-08,012580001234567890,in,295222.6,Envases López SAPI de CV,072135125058454048,COBRO F1544,0979F5D3-4A70-3330-FFC0-31368DE6E6B3
TX00514,2025-12-09,012580001234567890,out,136369.48,Metálica San Nicolás SA de CV,072463414408727065,PAGO FACT 8758,6241CBA3-7B7C-E7CC-F950-F7FA28B58DB5
TX00515,2025-12-09,012580001234567890,out,25334.28,Soldadura de México SAPI de CV,072495668610432053,PAGO FACT 22261,94010DFE-7921-0C7C-A119-CEEE0FB91307
TX00516,2025-12-10,012580001234567890,out,19998.28,Grupo Monterrey S de RL de CV,014856844373989238,PAGO FACT 84282,3D877034-7217-3FA3-5893-EF12AB3F8D22
TX00517,2025-12-10,012580001234567890,out,24838.38,Grupo Monterrey S de RL de CV,014856844373989238,PAGO FACT 47792,6593B659-172E-8C68-82AA-5C4680499BBF
TX00518,2025-12-10,012580001234567890,out,220913.18,Hidráulica Apodaca SAPI de CV,002290297721441525,PAGO FACT 17101,ED56C714-5A96-21F5-9F8C-EDA5FEB9EA24
TX00519,2025-12-10,012580001234567890,in,360697.66,Grupo Montemayor S de RL de CV,014133686941179027,COBRO F1403,50F32AB5-DF58-6EFF-5296-5CF38B30BB4C
TX00520,2025-12-11,012580001234567890,in,403177.17,Grupo Martínez SAPI de CV,014217435224929418,COBRO F1442,436D977B-6431-CBBE-0E44-C9DC81B61C87
TX00521,2025-12-12,012580001234567890,out,55955.85,Servicios Escobedo SAPI de CV,058034246116364526,PAGO FACT 28985,C9E55C47-A237-A8C1-61F6-DFBE114B3C79
TX00522,2025-12-12,012580001234567890,in,123708.52,Construcciones Hernández SA de CV,014646706457108641,COBRO F1420,2E4C16E2-1B79-9E6B-F52E-F4A6AC6C2E1B
TX00523,2025-12-12,012580001234567890,out,58000.0,Electrónica Industrial S de RL de CV,002740935513325437,PAGO FACT 98610,C571F9AB-4158-9D90-F504-4D156FB138C2
TX00524,2025-12-12,012580001234567890,out,17389.73,Aceros Escobedo S de RL de CV,127897211558517365,PAGO FACT 30687,CEF66A14-6FDC-C21B-DB2C-0EB7F75C0751
TX00525,2025-12-15,012580001234567890,out,151577.78,Soldadura Industrial SA de CV,072101837512445132,PAGO FACT 14026,A4B1CF6A-9D2C-E51B-37E8-2D716E66A273
TX00526,2025-12-15,012580001234567890,out,8445.38,Maquinados Apodaca SA de CV,014754116804397510,PAGO FACT 99506,CE1E8D1F-9DE7-DF7B-5594-552B405A8E7E
TX00527,2025-12-16,012580001234567890,in,261363.71,Grupo Chapa S de RL de CV,058761949011137398,COBRO F1448,B22A55A6-0539-1557-4441-22A56BD1F826
TX00528,2025-12-16,012580001234567890,in,71406.58,Envases Villarreal SA de CV,072390809722560856,COBRO F1460,25D287D0-7665-8707-5D41-1AC5335DAB46
TX00529,2025-12-17,012580001234567890,out,34147.85,Distribuidora Industrial S de RL de CV,021273872090747664,PAGO FACT 52902,17D50F59-C4D5-98F7-E14F-E093CB6AD0C7
TX00530,2025-12-19,012580001234567890,out,76919.6,Servicios San Nicolás SAPI de CV,002612058920737212,PAGO FACT 70344,1EE89A4C-6811-34E2-5064-7C59774F6354
TX00531,2025-12-22,012580001234567890,out,98843.48,Aceros Santa Catarina SA de CV,014109484060153917,PAGO FACT 31294,13EB22C9-BECE-D21A-54C7-743B2401342A
TX00532,2025-12-22,012580001234567890,out,42363.08,Neumática Apodaca S de RL de CV,012514640228022758,PAGO FACT 8883,EA074D80-BA23-6C22-E92A-7B9751DB1A37
TX00533,2025-12-22,012580001234567890,out,105641.08,Transportes Apodaca SAPI de CV,012362985433945965,PAGO FACT 14270,A976DC4D-0C47-2187-FEA3-5D37980B6853
TX00534,2025-12-22,012580001234567890,out,11762.28,Grupo Monterrey S de RL de CV,014856844373989238,PAGO FACT 70613,C5F833CF-F4CE-8477-F8BC-A9AC2ADA62CE
TX00535,2025-12-22,012580001234567890,out,16655.05,Pinturas San Nicolás S de RL de CV,021890726303659684,PAGO FACT 76468,2488C84D-99D0-90FD-6928-043ED492B51A
TX00536,2025-12-22,012580001234567890,out,11335.98,Pinturas San Nicolás S de RL de CV,021890726303659684,PAGO FACT 89308,468B22AF-9CA4-364D-5D9A-D9F1908E3A95
TX00537,2025-12-22,012580001234567890,out,32953.05,Refacciones Regiomontana S de RL de CV,002466589120859208,PAGO FACT 31499,A0152B5B-6C17-E150-1447-16CC4352ACEA
TX00538,2025-12-22,012580001234567890,out,20207.08,Soldadura de México SAPI de CV,072495668610432053,PAGO FACT 70227,57F2A45F-E751-5D4B-0D82-9D529CF021B8
TX00539,2025-12-22,012580001234567890,in,385964.12,Envases García S de RL de CV,127766932944937978,COBRO F1537,AC7E5CC6-B0CF-3E7F-5C58-B8BA9DE2FD3F
TX00540,2025-12-22,012580001234567890,out,8022.4,Refacciones San Nicolás S de RL de CV,072633487067317933,PAGO FACT 91628,74F8A913-00CA-280F-19A5-3942CE67B962
TX00541,2025-12-23,012580001234567890,out,14351.98,Electrónica Regiomontana SAPI de CV,002538819687479285,PAGO FACT 58960,12EF6101-6082-786F-CA00-EF586C521D13
TX00542,2025-12-24,012580001234567890,out,88391.88,Soldadura Industrial SA de CV,072101837512445132,PAGO FACT 15303,D1CCC8D3-C167-6505-43AF-6C46A46B3932
TX00543,2025-12-25,012580001234567890,out,22295.78,Grupo Monterrey S de RL de CV,014856844373989238,PAGO FACT 97273,B3E6F4C6-D428-DF6C-89AA-429334A0DCD4
TX00544,2025-12-25,012580001234567890,out,108596.65,Servicios Guadalupe S de RL de CV,072267963609841748,PAGO FACT 86620,A9B92A1D-4574-98CA-A90E-319D637E3F94
TX00545,2025-12-25,012580001234567890,out,13989.6,Ferretera Monterrey S de RL de CV,012098671286174002,PAGO FACT 55923,4BED523C-085F-F4D1-87EA-651B5539562B
TX00546,2025-12-26,012580001234567890,out,15729.48,Electrónica Regiomontana SAPI de CV,002538819687479285,PAGO FACT 52478,A590FD3C-AD6E-CC57-A520-C3D0FBCDBF5E
TX00547,2025-12-26,012580001234567890,out,180243.58,Aceros Santa Catarina SA de CV,014109484060153917,PAGO FACT 8985,B173FCDF-3FE1-E8F3-35AD-DE8843E4F668
TX00548,2025-12-26,012580001234567890,out,23745.08,Grupo Monterrey S de RL de CV,014856844373989238,PAGO FACT 74262,F2DEC75C-90FC-C9F1-2DDC-756B28C2CCE9
TX00549,2025-12-26,012580001234567890,in,260828.91,Envases Rodríguez SAPI de CV,002744493163720449,COBRO F1413,E8956041-1E71-AFA9-7815-C7DF0F2C01B7
TX00550,2025-12-26,012580001234567890,out,16006.53,Aceros Escobedo S de RL de CV,127897211558517365,PAGO FACT 3930,B73C62AB-FE4C-EFED-6F55-2C9E1B000F9F
TX00551,2025-12-29,012580001234567890,out,152412.28,Pinturas del Norte SAPI de CV,012419423697713595,PAGO FACT 987,4DFE1117-22AF-711F-1B62-8A9D75366B9F
TX00552,2025-12-29,012580001234567890,out,238391.6,Servicios San Nicolás SAPI de CV,014273796172575982,PAGO FACT 2957,13325C31-D010-318A-EADC-9960424211E2
TX00553,2025-12-29,012580001234567890,out,175661.58,Ferretera de México SAPI de CV,058215509941847528,PAGO FACT 92857,C8B648E0-12A8-50C5-5BAB-7F4A8CD74C27
TX00554,2025-12-29,012580001234567890,out,3781.6,Pinturas San Nicolás S de RL de CV,021890726303659684,PAGO FACT 8499,1690636B-6F74-E55D-99A9-AF6AED054732
TX00555,2025-12-29,012580001234567890,out,10022.4,Soldadura de México SAPI de CV,072495668610432053,PAGO FACT 63892,B8A9B014-24DC-EA07-0405-6D2BA5FCD671
TX00556,2025-12-29,012580001234567890,out,11670.18,Aceros de México S de RL de CV,072880371318781446,PAGO FACT 11783,2DEE003E-01D9-6E96-01A0-204714AA3CA3
TX00557,2025-12-29,012580001234567890,in,65241.46,Grupo López SAPI de CV,127967512170538560,COBRO F1444,CF3EE4AA-594F-FD27-5DCD-0D40D6415102
TX00558,2025-12-29,012580001234567890,out,439813.02,NOMINA,,NOMINA QUINCENAL,
TX00559,2025-12-30,012580001234567890,out,82163.38,Grupo del Norte SAPI de CV,012790534133958170,PAGO FACT 45846,A73D2746-0E18-AB96-25F4-1DD62F51AC6E
TX00560,2025-12-30,012580001234567890,out,190553.08,Hidráulica Apodaca SAPI de CV,002290297721441525,PAGO FACT 75986,BFD467E7-7491-050C-F75E-FED82D6B5953
TX00561,2025-12-30,012580001234567890,in,450306.83,Autopartes Martínez SAPI de CV,072987012365319337,COBRO F1501,CF5285F7-BF8C-C6F9-B5A6-1D619925BC9B
TX00562,2025-12-31,012580001234567890,out,17815.05,Industrias Apodaca SA de CV,021340837908549238,PAGO FACT 6855,30C36756-D453-F867-B97E-6224891F6912
TX00563,2025-12-31,012580001234567890,out,217047.6,Grupo Guadalupe SA de CV,072035061403237378,PAGO FACT 62490,8D7DD772-608E-2F5C-6117-727067C0518B
TX00564,2025-12-31,012580001234567890,out,196921.48,Grupo Guadalupe SA de CV,072035061403237378,PAGO FACT 10063,D6B361E4-3B6D-CA0D-6FE5-040B1901EF87
TX00565,2025-12-31,012580001234567890,out,25659.2,Electrónica Regiomontana SAPI de CV,002538819687479285,PAGO FACT 90911,4A94AE9F-CC35-1E4F-703E-957F35AB8466
TX00566,2025-12-31,012580001234567890,out,28095.08,Electrónica Regiomontana SAPI de CV,002538819687479285,PAGO FACT 15072,9645F0E4-647D-C392-9C7E-B575637DDCD6
TX00567,2025-12-31,012580001234567890,out,24177.18,Electrónica Regiomontana SAPI de CV,002538819687479285,PAGO FACT 15548,502CF0EE-224A-66A6-AC0F-680115B24E1D
TX00568,2025-12-31,012580001234567890,out,25279.18,Electrónica Regiomontana SAPI de CV,002538819687479285,PAGO FACT 11501,D1151FFF-DCB9-1D5F-593C-572B4347DBCA
TX00569,2025-12-31,012580001234567890,out,10046.18,Electrónica Regiomontana SAPI de CV,002538819687479285,PAGO FACT 99907,3F5FBF4F-D417-6230-5274-EE11B61DF906
TX00570,2025-12-31,012580001234567890,out,28643.18,Distribuidora Industrial S de RL de CV,021273872090747664,PAGO FACT 87198,5F31273D-1519-830C-4019-83035C457E4D
TX00571,2025-12-31,012580001234567890,out,35600.4,Distribuidora Industrial S de RL de CV,021273872090747664,PAGO FACT 17424,B1AC040D-6C1C-C405-DC3F-42E0FCF7B842
TX00572,2025-12-31,012580001234567890,out,21926.78,Distribuidora Industrial S de RL de CV,021273872090747664,PAGO FACT 80850,6965D1D1-EB7E-2E64-26C0-747EBF8E8BFA
TX00573,2025-12-31,012580001234567890,out,138843.18,Servicios San Nicolás SAPI de CV,014273796172575982,PAGO FACT 19581,E2280FE3-722D-CE13-47A4-8C4246653497
TX00574,2025-12-31,012580001234567890,out,177547.05,Aceros Santa Catarina SA de CV,014109484060153917,PAGO FACT 38348,A3607681-2BBB-A89D-34FA-DEE106969D48
TX00575,2025-12-31,012580001234567890,out,37273.58,Neumática Apodaca S de RL de CV,012514640228022758,PAGO FACT 29920,96F84FF7-C1A7-2883-F880-287869FB0763
TX00576,2025-12-31,012580001234567890,out,144596.78,Ferretera de México SAPI de CV,058215509941847528,PAGO FACT 43612,74577D47-D825-3010-3911-2943D10BF4DC
TX00577,2025-12-31,012580001234567890,out,7714.58,Grupo Monterrey S de RL de CV,014856844373989238,PAGO FACT 71629,CBF925B5-6418-16B7-BF2B-43B422E9E527
TX00578,2025-12-31,012580001234567890,out,22921.6,Grupo Monterrey S de RL de CV,014856844373989238,PAGO FACT 63782,515A6B43-3189-1F48-E66E-2C1111DEFEBF
TX00579,2025-12-31,012580001234567890,out,8746.28,Pinturas San Nicolás S de RL de CV,021890726303659684,PAGO FACT 29315,E8410A39-F901-2B9C-6057-153A4067F790
TX00580,2025-12-31,012580001234567890,out,12261.08,Pinturas San Nicolás S de RL de CV,021890726303659684,PAGO FACT 56324,87A20E22-B298-B811-0B1E-C578DFF47C51
TX00581,2025-12-31,012580001234567890,out,50126.38,Refacciones Regiomontana S de RL de CV,002466589120859208,PAGO FACT 18007,2EB23CA3-1186-DA93-DA7D-CC533020CF06
TX00582,2025-12-31,012580001234567890,out,64647.38,Herramientas Monterrey SA de CV,021578686926242393,PAGO FACT 38728,8F1C3FA0-7000-0009-B4E5-70BA7C3CC2BC
TX00583,2025-12-31,012580001234567890,out,52084.58,Industrias Nuevo León SA de CV,058722831908112160,PAGO FACT 83805,1B02FA24-BF00-F56C-6A49-89A68EE25E54
TX00584,2025-12-31,012580001234567890,out,69449.2,Industrias Nuevo León SA de CV,058722831908112160,PAGO FACT 86284,56673E49-8133-8BDC-66CC-73768CCA8963
TX00585,2025-12-31,012580001234567890,out,131054.25,Servicios Guadalupe S de RL de CV,072267963609841748,PAGO FACT 78363,7C12D198-50C1-B8F7-E764-28C4197FA0FD
TX00586,2025-12-31,012580001234567890,out,74237.45,Grupo del Norte SAPI de CV,012790534133958170,PAGO FACT 32175,01AEC505-99A0-4ABB-99E9-54331453E17E
TX00587,2025-12-31,012580001234567890,out,149092.25,Hidráulica Apodaca SAPI de CV,002290297721441525,PAGO FACT 60474,A090360D-27C7-655A-7B43-4A7222C0C475
TX00588,2025-12-31,012580001234567890,out,181305.45,Metálica San Nicolás SA de CV,072463414408727065,PAGO FACT 80963,DC70CE22-24CA-F1B8-394A-97FDF28BF846
TX00589,2025-12-31,012580001234567890,out,120074.38,Metálica San Nicolás SA de CV,072463414408727065,PAGO FACT 46164,1CE62A9F-79AF-8348-10BB-C60D07BF63EE
TX00590,2025-12-31,012580001234567890,out,67663.38,Metálica San Nicolás SA de CV,072463414408727065,PAGO FACT 124,CF51A203-A2D9-99BA-C146-ED52E73BC913
TX00591,2025-12-31,012580001234567890,out,114700.8,Metálica Escobedo SAPI de CV,014963593378687656,PAGO FACT 44672,F5FF3705-DA74-A056-88DD-44CC5D87EDD2
TX00592,2025-12-31,012580001234567890,out,59983.6,Ferretera Monterrey S de RL de CV,012098671286174002,PAGO FACT 23537,E5DFC7AF-6403-C4BC-1486-0C2D1659DDCC
TX00593,2025-12-31,012580001234567890,out,52301.85,Ferretera Monterrey S de RL de CV,012098671286174002,PAGO FACT 58460,8C68720E-D787-463D-87B8-F95CB265A6C2
TX00594,2025-12-31,012580001234567890,in,337871.23,Grupo Montemayor S de RL de CV,014133686941179027,COBRO F1404,947DEFCF-88CF-C53D-1888-89CE5CCE495D
TX00595,2025-12-31,012580001234567890,in,393599.4,Envases Rodríguez SAPI de CV,002744493163720449,COBRO F1407,B6697D0A-8837-6BBC-D898-06FD86912EFE
TX00596,2025-12-31,012580001234567890,in,251255.23,Grupo Martínez SAPI de CV,014217435224929418,COBRO F1441,927C5EA7-8A15-9E92-AF74-AE638DC4C81F
TX00597,2025-12-31,012580001234567890,in,171479.92,Grupo Chapa S de RL de CV,058761949011137398,COBRO F1451,7F383A3E-33A6-7403-6F9D-1D74F82C6AD8
TX00598,2025-12-31,012580001234567890,in,356630.04,Grupo Chapa S de RL de CV,058761949011137398,COBRO F1453,94047909-D81C-A1A0-B7BB-A2AA178A8C73
TX00599,2025-12-31,012580001234567890,in,268863.59,Envases Villarreal SA de CV,072390809722560856,COBRO F1459,E8266484-C4E4-FE52-DA4F-706B9D4AC78B
TX00600,2025-12-31,012580001234567890,in,366085.36,Envases Villarreal SA de CV,072390809722560856,COBRO F1461,5193412D-6906-D118-6F75-A3B2D8186112
TX00601,2025-12-31,012580001234567890,in,416276.41,Construcciones Elizondo SA de CV,012230486458487734,COBRO F1468,B9676DC6-D6FD-D1A5-F173-12F4659AE9F2
TX00602,2025-12-31,012580001234567890,in,429530.16,Construcciones Elizondo SA de CV,012230486458487734,COBRO F1476,8D7F9371-40C3-7CBC-3D5B-6535ABEDE2B6
TX00603,2025-12-31,012580001234567890,in,446662.76,Construcciones Elizondo SA de CV,012230486458487734,COBRO F1477,AF6C6F61-CFEF-A2A2-E735-4DB25CE4124B
TX00604,2025-12-31,012580001234567890,in,217748.04,Construcciones Quintanilla S de RL de CV,014739715501344653,COBRO F1487,7A7628E6-7394-D796-51C4-243BF07DB671
TX00605,2025-12-31,012580001234567890,in,294045.33,Grupo Salinas SAPI de CV,021577604977575166,COBRO F1488,32DBA028-4823-DEBE-CCAD-E92E53DC4FAE
TX00606,2025-12-31,012580001234567890,in,125478.06,Autopartes Martínez SAPI de CV,072987012365319337,COBRO F1496,255C82C7-CADE-E3EC-6895-09082E2CB850
TX00607,2025-12-31,012580001234567890,in,312265.96,Autopartes Villarreal SAPI de CV,072972163989822734,COBRO F1508,260C037E-305D-0EF7-0D9F-F83D70A32883
TX00608,2025-12-31,012580001234567890,in,290978.88,Autopartes Villarreal SAPI de CV,072972163989822734,COBRO F1513,010E622B-F8BC-920C-FF7D-39F795635C97
TX00609,2025-12-31,012580001234567890,in,456205.28,Autopartes Quintanilla S de RL de CV,012604717059498419,COBRO F1515,97206C66-5FA1-8468-64E8-4FFC1F3ACC68
TX00610,2025-12-31,012580001234567890,in,445292.16,Autopartes Quintanilla S de RL de CV,012604717059498419,COBRO F1517,54555290-017C-75C5-A873-19FE981DC530
TX00611,2025-12-31,012580001234567890,in,220596.6,Envases López SAPI de CV,072135125058454048,COBRO F1547,9F690CDE-7EAA-7A91-1DEF-D401792CAD76
TX00612,2025-12-31,012580001234567890,out,238391.6,Servicios San Nicolás SAPI de CV,002612058920737212,PAGO FACT 2957,13325C31-D010-318A-EADC-9960424211E2
