txn_id,date,from_clabe,to_clabe,amount,reference,channel
TX00001,2025-01-28,012580001234567890,012999999999999999,433992.65,NOMINA QUINCENAL,SPEI
TX00002,2025-01-29,012580001234567890,021273872090747664,25877.05,Pago factura EE6081AC-2DD0-622E-266B-F2EAEB93F78C,SPEI
TX00003,2025-01-29,012580001234567890,072101837512445132,111580.4,Pago factura 4721194B-C8A4-AE21-D9F8-50E913AD3EAD,SPEI
TX00004,2025-01-29,014739715501344653,012580001234567890,213716.39,Cobro factura 93683DD6-5050-127E-4E38-5D03A0D80651,SPEI
TX00005,2025-02-03,012580001234567890,021890726303659684,11217.2,Pago factura B0117B0A-3496-51D6-A790-55B06001F54D,SPEI
TX00006,2025-02-03,012580001234567890,021578686926242393,83529.05,Pago factura 4185300D-971D-F5FD-B389-50CE9FBC879E,SPEI
TX00007,2025-02-03,002744493163720449,012580001234567890,369911.51,Cobro factura 32440F07-0AE2-63E0-6E66-3C0AC1E0A4A1,SPEI
TX00008,2025-02-05,072135125058454048,012580001234567890,405451.0,Cobro factura 4B7A123E-338A-EA2D-3E1C-FA1495D16384,SPEI
TX00009,2025-02-06,012580001234567890,012790534133958170,92950.68,Pago factura 0C8D51D2-1673-AEFB-EB9E-54E054C3B22E,SPEI
TX00010,2025-02-10,072987012365319337,012580001234567890,242204.96,Cobro factura B169FDED-F972-3977-52C0-3F9BDF16EB70,SPEI
TX00011,2025-02-11,012580001234567890,021890726303659684,6449.48,Pago factura 82B34384-9979-CF26-C8B1-90E1089A9F4F,SPEI
TX00012,2025-02-11,012604717059498419,012580001234567890,402339.62,Cobro factura 67037089-C78C-D2C3-6374-ED1429B67B14,SPEI
TX00013,2025-02-12,014739715501344653,012580001234567890,364600.95,Cobro factura A151ED02-2F09-8F4D-A43F-683AA43101E4,SPEI
TX00014,2025-02-13,012580001234567890,014856844373989238,20555.08,Pago factura 98BE5FF0-929D-AF9F-0149-A2AF0AB1A504,SPEI
TX00015,2025-02-13,012580001234567890,072267963609841748,118029.88,Pago factura 2737F345-3886-29FF-B2A0-F778809D6444,SPEI
TX00016,2025-02-14,012580001234567890,058215509941847528,163534.25,Pago factura EBD14B0C-C7F4-F4F9-8222-1AD3ECA391D4,SPEI
TX00017,2025-02-14,012580001234567890,058722831908112160,117684.78,Pago factura 1EDBBE71-DE2A-2DDF-EE24-9B726AA12ABD,SPEI
TX00018,2025-02-17,012580001234567890,021890726303659684,16463.18,Pago factura D463C183-A231-7211-8578-B1C6F7EBC69A,SPEI
TX00019,2025-02-17,012580001234567890,002290297721441525,218442.38,Pago factura 892FCA69-8E20-17E1-50C4-CB4BAD9E5C1E,SPEI
TX00020,2025-02-17,014133686941179027,012580001234567890,103590.09,Cobro factura 7C2257A0-C75F-F368-5F7D-DBB1480AFE9F,SPEI
TX00021,2025-02-17,014646706457108641,012580001234567890,452966.97,Cobro factura EBA46463-36C9-B657-EC9A-799E19437791,SPEI
TX00022,2025-02-17,012580001234567890,127790287445645713,290000.0,Pago factura FA2C9E79-2758-4F1A-239E-5593EC11A44D,SPEI
TX00023,2025-02-18,012580001234567890,021890726303659684,13163.45,Pago factura F6A9E3E3-B62B-CCB1-4956-0C3685609E8A,SPEI
TX00024,2025-02-19,012580001234567890,002290297721441525,77873.58,Pago factura F5C9F459-9DB1-BD5E-91A4-D796B9720EEC,SPEI
TX00025,2025-02-21,012580001234567890,058722831908112160,99403.18,Pago factura 19E9E3A4-18DC-CEB6-84FC-FCB0F5E90352,SPEI
TX00026,2025-02-24,012580001234567890,072035061403237378,73265.48,Pago factura DD1CA267-530D-DDA6-C8D0-F9E5991965EA,SPEI
TX00027,2025-02-24,012580001234567890,002538819687479285,18736.78,Pago factura BAEB286B-F0D0-270F-D4D1-3D551DB6B844,SPEI
TX00028,2025-02-24,012580001234567890,072101837512445132,130293.98,Pago factura 2D8CC973-43C1-136C-D013-B7A3F4A29332,SPEI
TX00029,2025-02-24,127967512170538560,012580001234567890,322533.82,Cobro factura 4FE5C13B-A5E8-C198-3C10-316D3F63A065,SPEI
TX00030,2025-02-24,012580001234567890,127790287445645713,174000.0,Pago factura 4E39F65A-20DB-4294-DFAE-180393D797E7,SPEI
TX00031,2025-02-27,012580001234567890,058722831908112160,98388.65,Pago factura B3EDD6ED-B089-4DE4-E626-7164D3616B3A,SPEI
TX00032,2025-02-27,012580001234567890,072267963609841748,107610.65,Pago factura 1CCEC1EF-16EF-ACDF-9375-EE61EC94503E,SPEI
TX00033,2025-02-27,012580001234567890,012999999999999999,435335.94,NOMINA QUINCENAL,SPEI
TX00034,2025-02-28,012580001234567890,012514640228022758,66305.6,Pago factura CCEA5031-844E-250B-E684-390C923B7820,SPEI
TX00035,2025-03-03,012580001234567890,014963593378687656,160938.4,Pago factura C7A2EE6F-D166-EB08-B073-6DD1F443864C,SPEI
TX00036,2025-03-03,012580001234567890,072880371318781446,8978.98,Pago factura DFCF338C-DEC5-6DC3-AD96-8213F0A9B97F,SPEI
TX00037,2025-03-03,021577604977575166,012580001234567890,431891.72,Cobro factura 3A8C8ED5-A06A-A68A-9CAC-3D21A5A8C8AF,SPEI
TX00038,2025-03-03,072972163989822734,012580001234567890,149195.35,Cobro factura E32A8787-1824-6315-AD49-E0727F843004,SPEI
TX00039,2025-03-04,012580001234567890,002290297721441525,120848.68,Pago factura 4818B004-B0A4-F557-3381-001FA3FF8FD2,SPEI
TX00040,2025-03-05,058761949011137398,012580001234567890,458055.37,Cobro factura 528A34F3-63EA-C0A1-9202-B09C60B36938,SPEI
TX00041,2025-03-06,012580001234567890,058034246116364526,58823.48,Pago factura 953B0F1F-EA3E-072A-8F22-1604D46B7756,SPEI
TX00042,2025-03-06,012580001234567890,021031934278352199,9604.68,Pago factura E2AE3F87-EE7C-A782-A7A3-1D2515956C42,SPEI
TX00043,2025-03-06,012580001234567890,014754116804397510,15730.18,Pago factura 83D0BAE7-7C2C-FBCF-0770-D18FC9160147,SPEI
TX00044,2025-03-07,012580001234567890,072035061403237378,56703.58,Pago factura 21EBFAA9-1A2B-D69C-450F-69EEC2E79A98,SPEI
TX00045,2025-03-07,012580001234567890,014273796172575982,168977.08,Pago factura 97867B12-1328-1726-64F4-34D6D1E91691,SPEI
TX00046,2025-03-10,012580001234567890,021578686926242393,92103.88,Pago factura C4072654-7F5F-61AA-AEE7-C7A586296FBE,SPEI
TX00047,2025-03-11,012580001234567890,002657203516539575,20123.45,Pago factura 51589375-7D8F-2350-31C7-7A4464F8F226,SPEI
TX00048,2025-03-12,012580001234567890,012362985433945965,152795.08,Pago factura F91E5FCD-85EC-E729-D4DD-1B56435391B2,SPEI
TX00049,2025-03-12,012580001234567890,058685848483733296,94931.85,Pago factura B646E2B1-7800-E27A-9ACE-63CCD89C83F6,SPEI
TX00050,2025-03-12,012580001234567890,014963593378687656,178584.78,Pago factura 701FB3EA-A1FE-9BC6-E29D-650A15B98C20,SPEI
TX00051,2025-03-12,072135125058454048,012580001234567890,267021.76,Cobro factura 8DA22A39-50DB-8E34-938F-2B906C087D6C,SPEI
TX00052,2025-03-13,012580001234567890,021340837908549238,59972.0,Pago factura 3B3F3800-A175-A9C3-D7B1-02A92332A50E,SPEI
TX00053,2025-03-13,012580001234567890,012419423697713595,88278.78,Pago factura 13B11E59-C85C-D714-7BF6-95524CBC9044,SPEI
TX00054,2025-03-13,012580001234567890,058722831908112160,73451.2,Pago factura 6A7BE8B1-E3F3-42A8-F030-BFD4BE54898E,SPEI
TX00055,2025-03-14,012580001234567890,072495668610432053,10344.65,Pago factura 9ABBE46B-B205-1CEC-C9F7-369FE4C1D210,SPEI
TX00056,2025-03-17,012580001234567890,021273872090747664,20740.8,Pago factura 6DEC6BBD-F697-77A1-59FE-3D53624FEA4B,SPEI
TX00057,2025-03-17,012580001234567890,014109484060153917,220657.98,Pago factura 6545C030-A981-FA54-F121-E129B45C9A54,SPEI
TX00058,2025-03-17,012580001234567890,014109484060153917,162284.0,Pago factura 7B94A34D-E4AA-786D-9D17-D218FC3B0DE5,SPEI
TX00059,2025-03-17,012580001234567890,058425592962567064,71110.78,Pago factura B5DEF807-4A96-5478-A72B-DDDD511EEEB8,SPEI
TX00060,2025-03-17,012580001234567890,002466589120859208,27666.58,Pago factura 17172654-3B99-7815-0219-A9C7BA23B07A,SPEI
TX00061,2025-03-17,012580001234567890,072880371318781446,5278.58,Pago factura 2A3DD769-8DAC-210D-5EB3-8EF5B24070CA,SPEI
TX00062,2025-03-17,127766932944937978,012580001234567890,133774.23,Cobro factura 3DE54EE2-A655-596C-2528-D32DA60C2BED,SPEI
TX00063,2025-03-18,012580001234567890,072495668610432053,19824.28,Pago factura BDDF2416-A173-1ED8-78F2-961C3EC77A8F,SPEI
TX00064,2025-03-18,127766932944937978,012580001234567890,98637.38,Cobro factura D0E34B2B-1CA6-4C33-30D8-67CD038D5F5A,SPEI
TX00065,2025-03-19,012580001234567890,072633487067317933,11898.46,Pago factura 0AB74B5D-FCD4-9681-CA09-7B17951B2503,SPEI
TX00066,2025-03-20,012580001234567890,014856844373989238,15787.48,Pago factura 9B47E639-4D25-51EB-AF95-BE79C971BF51,SPEI
TX00067,2025-03-20,014646706457108641,012580001234567890,80746.74,Cobro factura 489AC27E-6281-03F0-1D9F-FF257E63F654,SPEI
TX00068,2025-03-21,012580001234567890,072035061403237378,189071.18,Pago factura EDC3A1C3-2DEA-2D2D-086C-405FA879D8F8,SPEI
TX00069,2025-03-21,012580001234567890,058215509941847528,140035.78,Pago factura 62874624-A433-1510-AD21-B4CCA9E8F0D8,SPEI
TX00070,2025-03-24,012580001234567890,021340837908549238,23199.88,Pago factura E8334DA5-DE95-D695-3579-C1437AB99428,SPEI
TX00071,2025-03-24,012580001234567890,021273872090747664,29139.08,Pago factura 9620BEE6-6406-FACE-53A5-E8508950DDD6,SPEI
TX00072,2025-03-24,012580001234567890,014856844373989238,16471.88,Pago factura C53F1DB3-D275-BD43-8451-7303E94D4FBE,SPEI
TX00073,2025-03-24,058761949011137398,012580001234567890,334904.79,Cobro factura 80B57013-7F29-C9E7-5601-F6A534B6685D,SPEI
TX00074,2025-03-24,012230486458487734,012580001234567890,251173.74,Cobro factura 1CEB08FE-F2DE-B798-B31A-25B55FECAA6E,SPEI
TX00075,2025-03-24,014739715501344653,012580001234567890,390167.39,Cobro factura BCA83A82-7899-7035-7DDF-8484F0C44ECB,SPEI
TX00076,2025-03-24,014739715501344653,012580001234567890,193335.2,Cobro factura 8C37E264-D03C-D20A-BAAE-EBF89A244525,SPEI
TX00077,2025-03-24,012604717059498419,012580001234567890,381130.61,Cobro factura 0E378B07-CC53-5C3E-52BB-530D486FAC8F,SPEI
TX00078,2025-03-24,012580001234567890,127790287445645713,174000.0,Pago factura B2AC4768-F122-4F43-C527-4F356DC56044,SPEI
TX00079,2025-03-25,012580001234567890,127967249590173425,55680.0,Pago factura BFEEB533-ACF5-9149-B1C9-D0DCA38CC35F,SPEI
TX00080,2025-03-26,012580001234567890,072101837512445132,72627.48,Pago factura A5DD2836-E65F-A9FA-C38C-2EAFA8097A77,SPEI
CP00002,2025-03-27,127967249590173425,021593586857022021,22272.0,TRANSFERENCIA,SPEI
CP00003,2025-03-27,127967249590173425,021593586857022021,22272.0,TRANSFERENCIA,SPEI
TX00081,2025-03-27,012580001234567890,072463414408727065,138794.58,Pago factura B3099E0D-B0AC-0677-D60F-8680A124FDB2,SPEI
TX00082,2025-03-27,012580001234567890,012098671286174002,47928.65,Pago factura 05CF079E-A095-2C4D-F3BD-2348854BC8FA,SPEI
TX00083,2025-03-27,014789135342202362,012580001234567890,177486.64,Cobro factura E68C1348-1046-E3DF-DDFE-F8494C485CFC,SPEI
TX00084,2025-03-28,014646706457108641,012580001234567890,356022.07,Cobro factura 1090DC9D-2B31-71DC-FA54-9893E476231A,SPEI
TX00085,2025-03-28,012580001234567890,012999999999999999,428655.27,NOMINA QUINCENAL,SPEI
TX00086,2025-03-28,012580001234567890,127967249590173425,55680.0,Pago factura EAC97D37-B587-8D33-1D5B-D8B04027B283,SPEI
TX00087,2025-03-31,012580001234567890,021273872090747664,18957.18,Pago factura C0CEF31B-D038-E153-C601-818B61FA01BA,SPEI
TX00088,2025-03-31,072987012365319337,012580001234567890,68162.23,Cobro factura E88188C3-788F-06ED-3C1E-919BEE5A4007,SPEI
TX00089,2025-04-01,012580001234567890,021340837908549238,50353.05,Pago factura 6589ADA1-345A-F934-B42A-2D939ABA0F15,SPEI
TX00090,2025-04-02,012580001234567890,012362985433945965,184802.38,Pago factura D4A5A81E-6B38-2A0A-231D-260BB362CD55,SPEI
TX00091,2025-04-02,012580001234567890,058215509941847528,60610.58,Pago factura C00C200C-4458-B006-332C-CE0A0E7DA698,SPEI
TX00092,2025-04-02,012580001234567890,072463414408727065,58765.48,Pago factura 59AE7302-8AE3-297E-34E2-41421A354475,SPEI
TX00093,2025-04-02,002744493163720449,012580001234567890,172367.29,Cobro factura C8497436-18B4-75B1-C12A-34F402A13629,SPEI
TX00094,2025-04-03,012580001234567890,014273796172575982,73616.38,Pago factura 2B015723-0CF6-97A5-7603-C36CF1394E3C,SPEI
TX00095,2025-04-03,012580001234567890,058215509941847528,204055.48,Pago factura B5CAA993-AACA-D101-F153-0F689215583A,SPEI
TX00096,2025-04-04,012580001234567890,021273872090747664,44471.85,Pago factura 70F81DBA-2871-9B9B-DB8F-0E32EDEF5003,SPEI
TX00097,2025-04-04,012580001234567890,012362985433945965,200181.08,Pago factura 16DC5A6E-A789-0770-55EC-024AE64B9B37,SPEI
TX00098,2025-04-04,012580001234567890,021578686926242393,96175.6,Pago factura 8EF00DE1-FB4F-1972-5115-D7EE3B90908E,SPEI
TX00099,2025-04-04,012580001234567890,058685848483733296,98695.58,Pago factura EF0B743E-BEE0-4762-7168-BDEC4DA838B7,SPEI
TX00100,2025-04-04,012580001234567890,002612058920737212,168977.08,Pago factura 97867B12-1328-1726-64F4-34D6D1E91691,SPEI
TX00101,2025-04-07,012580001234567890,002538819687479285,13606.68,Pago factura C28FA16B-0AA6-FCB9-C1BC-BE59D296A12D,SPEI
TX00102,2025-04-07,012580001234567890,012362985433945965,224782.25,Pago factura DAAF7529-DEEF-F82A-0DD7-015869C165AE,SPEI
TX00103,2025-04-07,012580001234567890,058425592962567064,191803.45,Pago factura 35F3DE4A-AC92-04B4-0306-A2580227B8D5,SPEI
TX00104,2025-04-07,012580001234567890,058685848483733296,45959.08,Pago factura 3B1D0181-9CC3-C1F5-9129-BC759B08E5A8,SPEI
TX00105,2025-04-07,012580001234567890,072463414408727065,56480.4,Pago factura 0BCFD0FC-E3A1-AF97-7785-2DDB55527A3C,SPEI
TX00106,2025-04-07,012580001234567890,002657203516539575,24450.25,Pago factura 584CB0F7-48DE-D8BE-031E-EF965F71DCC4,SPEI
TX00107,2025-04-07,072390809722560856,012580001234567890,318481.77,Cobro factura 4CC6D67E-CDDB-3F9E-8130-0E684D45D885,SPEI
TX00108,2025-04-08,012580001234567890,072101837512445132,173466.28,Pago factura 2CE6F908-CECE-A5D3-5EA9-09EF7257DCB6,SPEI
TX00109,2025-04-08,127766932944937978,012580001234567890,259648.1,Cobro factura A92DCF4F-76F3-BA50-1830-208269BBA3C4,SPEI
TX00110,2025-04-09,012580001234567890,021890726303659684,12165.85,Pago factura 97A418B8-92D0-0319-20BD-14220B0B81DE,SPEI
TX00111,2025-04-09,012580001234567890,127967249590173425,74240.0,Pago factura 23E7CD20-700E-A842-F334-685DB6AD478C,SPEI
TX00112,2025-04-10,012580001234567890,127967249590173425,74240.0,Pago factura BDCF6FD4-88DF-12C1-1FC8-628D4B4D1079,SPEI
TX00113,2025-04-11,012580001234567890,021340837908549238,53174.4,Pago factura 87AD8B26-8EAA-5841-6AA0-426DF7C0D5F7,SPEI
TX00114,2025-04-11,012580001234567890,012362985433945965,156496.18,Pago factura AE46024D-51D0-5EF3-A918-83FC6772FE9F,SPEI
CP00007,2025-04-14,127967249590173425,021593586857022021,29696.0,TRANSFERENCIA,SPEI
CP00008,2025-04-14,127967249590173425,021593586857022021,29696.0,TRANSFERENCIA,SPEI
TX00115,2025-04-14,012580001234567890,002538819687479285,19450.65,Pago factura 2F8D8DED-6C4C-450B-623A-D0FC93267D25,SPEI
TX00116,2025-04-14,012580001234567890,058215509941847528,151690.65,Pago factura 1EE93260-3002-D831-3227-E8D89C60C81B,SPEI
TX00117,2025-04-14,012580001234567890,058425592962567064,124212.68,Pago factura 89D716EF-A62D-7221-A65D-958E936DD1A8,SPEI
TX00118,2025-04-14,012580001234567890,072880371318781446,6405.98,Pago factura 2CAF3D2F-F026-A418-3D3F-BBEC697AE294,SPEI
TX00119,2025-04-14,012580001234567890,127897211558517365,6087.62,Pago factura 302B0401-EFED-098B-979A-7368BD96BB0A,SPEI
TX00120,2025-04-15,012580001234567890,014963593378687656,192151.45,Pago factura F09E0302-B525-A4D9-83F0-23FD00F2BAA4,SPEI
TX00121,2025-04-15,012230486458487734,012580001234567890,145820.9,Cobro factura 503BA8C3-CE83-0E27-C5EF-D6701F4D88CE,SPEI
TX00122,2025-04-15,072987012365319337,012580001234567890,177221.39,Cobro factura DF266424-7FCC-4456-20BC-2FA0FA801062,SPEI
TX00123,2025-04-16,058761949011137398,012580001234567890,187379.36,Cobro factura 0991946D-537C-64B0-89D5-AF23050BD848,SPEI
TX00124,2025-04-21,012580001234567890,021273872090747664,48094.18,Pago factura D28FCF68-C871-D7B3-8468-B74D85E3ADE5,SPEI
TX00125,2025-04-21,012580001234567890,014109484060153917,198450.25,Pago factura F7FF88D4-B509-F08A-2C98-8BCA51397C06,SPEI
TX00126,2025-04-21,012580001234567890,127342545876026850,45576.28,Pago factura F168C605-CE1A-1669-9BBC-6CBC409CA8F2,SPEI
TX00127,2025-04-21,012580001234567890,072267963609841748,122331.05,Pago factura F5EA4128-854D-C3BF-61D8-5365BADA0C94,SPEI
TX00128,2025-04-21,012580001234567890,058685848483733296,43802.18,Pago factura ECE9504B-03D7-F962-F804-43EEC3B8D179,SPEI
TX00129,2025-04-21,002744493163720449,012580001234567890,403505.66,Cobro factura 3DE814AC-9CEA-B67B-BA82-854AC7E2A618,SPEI
TX00130,2025-04-21,012230486458487734,012580001234567890,284838.49,Cobro factura 859F02BB-1EE2-6F39-EED4-DB8980104995,SPEI
TX00131,2025-04-21,012580001234567890,072633487067317933,21978.36,Pago factura 68A69E71-DF22-3246-E6FB-61D3FBA26C21,SPEI
TX00132,2025-04-22,012580001234567890,014109484060153917,218785.05,Pago factura 171B1B80-09B7-FDF7-7D8D-3DDD2CF149CB,SPEI
TX00133,2025-04-22,012230486458487734,012580001234567890,119544.41,Cobro factura 688B4CFB-7081-75FD-4648-BBE8F84CE7A9,SPEI
TX00134,2025-04-22,072135125058454048,012580001234567890,115765.66,Cobro factura 71FCF2E6-B3DD-7820-BD20-C36A270524CB,SPEI
TX00135,2025-04-23,012580001234567890,072633487067317933,20027.12,Pago factura 1C3892E8-F2CF-CD63-80AB-4B7F2E968660,SPEI
TX00136,2025-04-24,012580001234567890,127342545876026850,55518.18,Pago factura 44E2A94B-34EC-5264-AD7D-6F8139A0F145,SPEI
TX00137,2025-04-24,014789135342202362,012580001234567890,315457.1,Cobro factura 7C602399-B8F4-0E5E-F6BA-BCCC0ACFBD89,SPEI
TX00138,2025-04-25,012580001234567890,012362985433945965,226051.98,Pago factura 1DABB10A-BD10-F87C-6D0E-0597500D92A7,SPEI
TX00139,2025-04-25,012580001234567890,021890726303659684,7064.98,Pago factura A33B3DFD-9048-65C6-F820-5AA7996F7E88,SPEI
TX00140,2025-04-28,012580001234567890,021890726303659684,8421.6,Pago factura 1D03C3D5-B862-ACC3-5489-9C37CFA9026B,SPEI
TX00141,2025-04-28,012580001234567890,021031934278352199,16634.4,Pago factura 8C662766-7922-B440-E0F1-E44CEFD1B588,SPEI
TX00142,2025-04-28,012580001234567890,072880371318781446,10068.8,Pago factura A616DDE4-B388-300A-3E20-718A0BB9A8F6,SPEI
TX00143,2025-04-28,002744493163720449,012580001234567890,399631.77,Cobro factura 946A95A6-F2E4-01AF-4702-1755F11CC0A4,SPEI
TX00144,2025-04-28,012580001234567890,012999999999999999,418473.72,NOMINA QUINCENAL,SPEI
TX00145,2025-04-29,072135125058454048,012580001234567890,82352.67,Cobro factura 7957595F-25EE-2F0F-76A3-0EB0C50C71F4,SPEI
TX00146,2025-04-30,012580001234567890,002657203516539575,20613.08,Pago factura 4A1A4219-61BB-A5FB-D510-8BC02F9E1DDB,SPEI
TX00147,2025-04-30,058349998051929549,012580001234567890,196336.88,Cobro factura 833D3DF1-5E11-A680-D501-6ADA189AC35D,SPEI
TX00148,2025-05-01,012580001234567890,002538819687479285,19664.78,Pago factura 73D39457-B25F-13DF-B8D4-9848702BA49F,SPEI
TX00149,2025-05-01,012580001234567890,002290297721441525,227894.18,Pago factura 7702BEBA-0623-FFBF-1E42-D2B800679B62,SPEI
TX00150,2025-05-01,072972163989822734,012580001234567890,61376.08,Cobro factura 7796048F-B4B9-FB73-29DE-BCCC429E09BD,SPEI
TX00151,2025-05-02,012580001234567890,058215509941847528,169501.98,Pago factura 27A158A0-EFFF-A2F4-B5AE-329D77617D80,SPEI
TX00152,2025-05-05,012580001234567890,014109484060153917,90108.68,Pago factura 9770A3DB-E9FA-97E2-5BD9-3609B297A782,SPEI
TX00153,2025-05-05,012580001234567890,127342545876026850,27315.45,Pago factura AE61716A-1FB6-21AE-EC4E-8CBBA2AA378C,SPEI
TX00154,2025-05-05,012580001234567890,002657203516539575,11959.6,Pago factura 8A34B26B-72CC-3FC5-5F77-5A7A25DFAC07,SPEI
TX00155,2025-05-05,012580001234567890,002657203516539575,18943.38,Pago factura FE8C9AAB-7E38-8A19-46F7-B20AC3C49506,SPEI
TX00156,2025-05-05,127766932944937978,012580001234567890,134542.15,Cobro factura 9AA33580-FB70-8DD7-BF3D-5023140642A8,SPEI
TX00157,2025-05-06,012580001234567890,012098671286174002,30287.6,Pago factura DA05D2FC-1C71-A821-22F1-C32B47D5AC92,SPEI
TX00158,2025-05-06,012580001234567890,127967249590173425,74240.0,Pago factura 3332432B-3D10-FA95-E8A4-42385FE8B710,SPEI
TX00159,2025-05-06,012580001234567890,127897211558517365,19197.68,Pago factura A9A2E9CD-7B6F-65DF-1D9D-1D80F47E3CA0,SPEI
TX00160,2025-05-07,012580001234567890,012514640228022758,54671.38,Pago factura 66D71D97-B193-C8B8-AE49-C0799BD0D4C7,SPEI
TX00161,2025-05-08,012580001234567890,072598675858742267,8711.48,Pago factura DF495037-B40A-9181-AC09-BDB799086E47,SPEI
TX00162,2025-05-08,012580001234567890,021340837908549238,49639.18,Pago factura 2F1DC121-7D02-4C6D-8BEA-75C1B86677AA,SPEI
TX00163,2025-05-08,012580001234567890,072463414408727065,194729.08,Pago factura 21BD55EB-915A-A3C0-7737-CFB5C3B1927B,SPEI
TX00164,2025-05-08,012604717059498419,012580001234567890,58457.99,Cobro factura A8D791B6-B52C-4358-D4A8-B45A75D1D776,SPEI
TX00165,2025-05-09,012580001234567890,072880371318781446,9289.05,Pago factura 8BBF1B30-9372-92E6-AF20-6A9DF9D18507,SPEI
CP00010,2025-05-12,127967249590173425,021593586857022021,29696.0,TRANSFERENCIA,SPEI
TX00166,2025-05-12,012580001234567890,072463414408727065,118216.18,Pago factura 70ECF41B-C5D5-6016-51B3-CCF588433A38,SPEI
TX00167,2025-05-12,002744493163720449,012580001234567890,291783.04,Cobro factura 59FE1C45-ABAC-7BF8-2F4D-DC9B3334CD07,SPEI
TX00168,2025-05-14,012580001234567890,002538819687479285,11539.45,Pago factura 3283DAA4-E212-AB7C-9D36-1CB6BCC57BE0,SPEI
TX00169,2025-05-14,012580001234567890,002538819687479285,11971.2,Pago factura 2FDC9992-8971-8EEA-DF3A-098ACCAC2FB5,SPEI
TX00170,2025-05-14,012580001234567890,014754116804397510,5031.85,Pago factura 12D2D7E6-387D-5ADD-E430-81AA6022E3FF,SPEI
TX00171,2025-05-14,127766932944937978,012580001234567890,398399.15,Cobro factura E07309DE-6A8F-7654-1552-87C70B961346,SPEI
TX00172,2025-05-15,012580001234567890,012362985433945965,204021.38,Pago factura C37944C1-C903-94EA-7D54-EC82288F3435,SPEI
TX00173,2025-05-15,012580001234567890,002657203516539575,14465.08,Pago factura C190B0CF-9736-BB4F-F5C8-CE3CEEE31D47,SPEI
TX00174,2025-05-16,012580001234567890,002290297721441525,191399.88,Pago factura A104BDCE-FAB6-AD91-BACF-7CFC92451CC4,SPEI
TX00175,2025-05-19,012580001234567890,058215509941847528,71082.25,Pago factura 72730E7B-7F9A-D277-DB49-6E6D1688782F,SPEI
TX00176,2025-05-19,012580001234567890,058425592962567064,214319.05,Pago factura 5C6801D6-4280-3AA0-55AC-0D06BE9DA951,SPEI
TX00177,2025-05-19,012580001234567890,002466589120859208,52849.48,Pago factura 8F807D8B-E1D5-5F85-6967-858630463008,SPEI
TX00178,2025-05-19,014133686941179027,012580001234567890,89169.7,Cobro factura D4E20134-389A-E4FD-80DD-B3862790E92F,SPEI
TX00179,2025-05-19,014789135342202362,012580001234567890,160284.52,Cobro factura CDB4ADAB-CA27-CD69-4226-4BA40775D778,SPEI
TX00180,2025-05-20,012580001234567890,058425592962567064,163951.85,Pago factura 2648C819-BD11-16EE-F58A-B7C7CCCF4130,SPEI
TX00181,2025-05-20,014646706457108641,012580001234567890,51739.36,Cobro factura 1AEC8B70-AC0E-7307-7DDC-AAF6AC95ADB1,SPEI
TX00182,2025-05-21,014739715501344653,012580001234567890,150634.44,Cobro factura D4A39A51-C481-EA69-F83B-F029B6AC2048,SPEI
TX00183,2025-05-21,012580001234567890,127601932254303939,98600.0,Pago factura 663463E9-D317-D8C9-1060-573A721B7707,SPEI
TX00184,2025-05-22,012580001234567890,072463414408727065,89067.58,Pago factura 214C87B1-0CFC-6420-7192-E4438A6342CA,SPEI
TX00185,2025-05-23,012580001234567890,058425592962567064,201875.38,Pago factura F08D312E-7A73-2F35-6C55-40F0CC9CF41C,SPEI
TX00186,2025-05-23,012580001234567890,058722831908112160,48792.38,Pago factura D284B528-B091-6FB7-F17F-3F92D26AA790,SPEI
TX00187,2025-05-23,012580001234567890,058685848483733296,34333.45,Pago factura 7521AA18-DDE4-F5C1-532C-5C01B017C533,SPEI
TX00188,2025-05-23,014217435224929418,012580001234567890,308807.74,Cobro factura BCE05A63-197F-9B8D-079B-F5E62275B1E2,SPEI
TX00189,2025-05-23,012580001234567890,127790287445645713,232000.0,Pago factura 8D783178-C935-A278-9645-DEC1840D214B,SPEI
TX00190,2025-05-23,012580001234567890,002657203516539575,1821.72,Pago factura BA3696CC-7CCD-1AC6-DB55-DAF52DD4450C,efectivo
TX00191,2025-05-26,012580001234567890,072035061403237378,194648.0,Pago factura A247541D-C8AD-0899-B630-794D6147ADEB,SPEI
TX00192,2025-05-26,012580001234567890,012419423697713595,167144.98,Pago factura 44D7DF9A-238B-05B7-2B64-777C6177A771,SPEI
TX00193,2025-05-26,012580001234567890,002538819687479285,14085.18,Pago factura 751303B9-C7DE-96EA-2B0F-BE4449E64C22,SPEI
TX00194,2025-05-26,012580001234567890,014273796172575982,244444.25,Pago factura D1F16485-429A-4A7C-4C80-D33AAD5BE3C8,SPEI
TX00195,2025-05-26,058761949011137398,012580001234567890,166399.68,Cobro factura 92D2408E-FF08-C739-4C1D-2E430C2B03E4,SPEI
TX00196,2025-05-27,072135125058454048,012580001234567890,258388.77,Cobro factura 56D2BB12-AF5A-7636-E8B8-D2529670CD19,SPEI
TX00197,2025-05-28,012580001234567890,002876210248046164,107393.38,Pago factura B34C6C73-5833-0B30-6C77-6E950B981CCD,SPEI
TX00198,2025-05-28,012580001234567890,012999999999999999,432477.63,NOMINA QUINCENAL,SPEI
TX00199,2025-05-29,012580001234567890,021031934278352199,26607.85,Pago factura 27DD1AC4-4282-B6E4-6986-305A5DA3F9CF,SPEI
TX00200,2025-05-29,072390809722560856,012580001234567890,414262.4,Cobro factura DCDA8CC1-8427-4378-B40D-8AEFA0BA6142,SPEI
TX00201,2025-05-30,012580001234567890,127897211558517365,19772.11,Pago factura 108E04AC-99C6-207F-EC81-4510C42EAFC8,SPEI
TX00202,2025-06-02,012580001234567890,014273796172575982,137494.8,Pago factura EBD8A3B1-0B3D-0C36-17D0-981047A2A10B,SPEI
TX00203,2025-06-02,012580001234567890,014273796172575982,221815.2,Pago factura B266986C-B467-88BD-D38E-13E44DE1087B,SPEI
TX00204,2025-06-02,012580001234567890,014963593378687656,207152.8,Pago factura 0038DC84-A3ED-033A-A722-2EA2261B5048,SPEI
TX00205,2025-06-02,072987012365319337,012580001234567890,344384.21,Cobro factura D03BCBFC-DCA7-E284-F230-7C2230C7809B,SPEI
TX00206,2025-06-03,012580001234567890,058425592962567064,229984.38,Pago factura 30AED12D-E8F1-0194-EE25-356AAEE01EC9,SPEI
TX00207,2025-06-03,021577604977575166,012580001234567890,108727.3,Cobro factura F27E8CE7-2B8D-2C49-5E30-03E1F541A44E,SPEI
TX00208,2025-06-06,012580001234567890,002466589120859208,51712.8,Pago factura E54C8739-3133-839E-2E7D-952B785B8A07,SPEI
TX00209,2025-06-09,012580001234567890,002538819687479285,12481.48,Pago factura 721E8B1F-3895-8939-9342-A09FB00AC64C,SPEI
TX00210,2025-06-09,012580001234567890,021273872090747664,24429.6,Pago factura 8044BEB2-B66E-DBF4-A0EA-0251495743A2,SPEI
TX00211,2025-06-09,012580001234567890,021578686926242393,89519.98,Pago factura 1EA15B0F-95AE-B18B-46AE-7E06CB5D2B59,SPEI
TX00212,2025-06-09,012580001234567890,021578686926242393,80652.25,Pago factura BBD0FE6C-6108-FFCC-8186-722BA355AD05,SPEI
TX00213,2025-06-09,012580001234567890,072495668610432053,24316.38,Pago factura 5DF1BF6F-938B-D3F8-8BD1-8D4BED3353FC,SPEI
TX00214,2025-06-09,014217435224929418,012580001234567890,168991.89,Cobro factura 42FC7EDF-813A-3AA5-7D81-0C217F764FCE,SPEI
TX00215,2025-06-09,012230486458487734,012580001234567890,404553.45,Cobro factura F5F3943A-E8E7-F030-0203-83406372D635,SPEI
TX00216,2025-06-09,072987012365319337,012580001234567890,144738.8,Cobro factura 5EA0942C-3F91-C419-E846-A9DF73733554,SPEI
TX00217,2025-06-09,072987012365319337,012580001234567890,257096.74,Cobro factura 650AD9AA-FA3F-012E-4D71-1F28618521AB,SPEI
TX00218,2025-06-10,012580001234567890,058425592962567064,92164.78,Pago factura 57D52B78-9CF3-137E-F562-037B78AA16EA,SPEI
TX00219,2025-06-10,072972163989822734,012580001234567890,408949.09,Cobro factura BFFBD93B-2B15-619E-D5BF-85F32E3F674C,SPEI
TX00220,2025-06-11,012580001234567890,021273872090747664,16738.8,Pago factura 0E165B12-9BDC-70D1-9CBF-7B8C74102D5D,SPEI
TX00221,2025-06-11,012580001234567890,072267963609841748,94612.38,Pago factura 1CC464ED-15F7-EF61-DA4E-C04CBA7E1B86,SPEI
TX00222,2025-06-11,021577604977575166,012580001234567890,155720.65,Cobro factura 66AA394C-0CBE-938D-2B33-9734DA119684,SPEI
TX00223,2025-06-12,012580001234567890,021340837908549238,40034.38,Pago factura 6E3A0BA8-AC8D-6C7D-B2A6-E468D02B1243,SPEI
TX00224,2025-06-12,012580001234567890,014109484060153917,74411.45,Pago factura 0DF407B8-2751-AB86-7DAE-C949D700B461,SPEI
TX00225,2025-06-12,012580001234567890,012514640228022758,112383.58,Pago factura 7C4F48E4-A7A0-2A3D-620F-230B439E754C,SPEI
TX00226,2025-06-12,012580001234567890,012514640228022758,32686.25,Pago factura 567E642E-052D-FB9A-5F58-4603E5A3D8E9,SPEI
TX00227,2025-06-12,012580001234567890,021890726303659684,9512.58,Pago factura 56A3DCCC-C93C-9CC6-668B-28DA8222CD7F,SPEI
TX00228,2025-06-12,012580001234567890,058034246116364526,45832.18,Pago factura AB6EF8DD-5A66-9316-6641-4954C798A445,SPEI
TX00229,2025-06-12,127766932944937978,012580001234567890,290933.15,Cobro factura 1D2AE042-042A-2F64-80E1-BE4DC4C608EB,SPEI
TX00230,2025-06-16,012580001234567890,012790534133958170,29078.65,Pago factura 9BA4D5A6-0178-DE26-CEB5-57AC8B22E445,SPEI
TX00231,2025-06-17,012580001234567890,072633487067317933,8550.72,Pago factura 95ECEC2C-0798-3BC0-5797-44BA107380CB,SPEI
TX00232,2025-06-18,012580001234567890,014273796172575982,106560.38,Pago factura 516C3B0A-5385-3918-BC40-15FAD4F76322,SPEI
TX00233,2025-06-18,012580001234567890,012362985433945965,232461.45,Pago factura FEA82E3A-B544-01CB-9541-0A9D090AAA93,SPEI
TX00234,2025-06-18,012580001234567890,012362985433945965,144651.88,Pago factura AFD0D2F7-E352-4444-6F04-AF36567C5D44,SPEI
TX00235,2025-06-19,012580001234567890,021273872090747664,49624.8,Pago factura 861B4F5B-45A0-8539-6DE8-370ACE9E9EBD,SPEI
TX00236,2025-06-19,012580001234567890,072101837512445132,107729.2,Pago factura C5ED3982-760B-3673-6422-A73E958C9CFD,SPEI
TX00237,2025-06-20,012580001234567890,002657203516539575,12495.98,Pago factura 5A66219E-25F9-8046-0C1D-180ED8739636,SPEI
TX00238,2025-06-23,012580001234567890,012362985433945965,99785.98,Pago factura 96B31F4A-80DA-A8CA-6230-5D271A4B1606,SPEI
TX00239,2025-06-23,012580001234567890,058490231514835122,25824.38,Pago factura EB45BC38-9CF6-5E33-4B5F-174B6C267B56,SPEI
TX00240,2025-06-23,014789135342202362,012580001234567890,93822.06,Cobro factura CC0B200D-3EDE-C38E-0717-9EF331216863,SPEI
TX00241,2025-06-23,012580001234567890,127897211558517365,15454.75,Pago factura 1F835B8D-ABAC-8660-E5C3-45FCF395C213,SPEI
TX00242,2025-06-24,012580001234567890,058215509941847528,95549.08,Pago factura 9DB94EEE-1A3C-2131-73DD-3BC6D06405A8,SPEI
TX00243,2025-06-24,012580001234567890,058425592962567064,95978.98,Pago factura 1B4FFD5F-C768-8339-27EF-53575B249C2A,SPEI
TX00244,2025-06-25,012580001234567890,002290297721441525,89798.38,Pago factura 719B2DD6-17B4-E75B-E9D1-8EC233BCB8A9,SPEI
TX00245,2025-06-25,012580001234567890,072101837512445132,146682.0,Pago factura E744AA30-B135-6D67-6D4E-C8A4C4F4B844,SPEI
TX00246,2025-06-25,014133686941179027,012580001234567890,308651.15,Cobro factura D17AD9BD-B1BA-0BEA-F969-057979DDCDD4,SPEI
TX00247,2025-06-26,012580001234567890,072880371318781446,14372.4,Pago factura 105F86AA-974E-8F83-D5D9-A3852BB24CBC,SPEI
TX00248,2025-06-27,012580001234567890,021273872090747664,20462.28,Pago factura C34201DB-2C3A-ACDC-AED5-4A468BDE005B,SPEI
TX00249,2025-06-27,012580001234567890,072463414408727065,224379.38,Pago factura 5170CA8A-A00E-0B60-64EE-C4C19714FADC,SPEI
TX00250,2025-06-30,012580001234567890,072035061403237378,208426.25,Pago factura 601BFBCB-F0EE-BCCE-8D93-E14A5B167158,SPEI
TX00251,2025-06-30,012580001234567890,002466589120859208,36783.6,Pago factura 4CB34663-7A21-1151-C166-A8B3F26BCEBF,SPEI
TX00252,2025-06-30,012580001234567890,072267963609841748,58359.6,Pago factura 3581A632-54F5-DF70-05D2-D205789FED96,SPEI
TX00253,2025-06-30,012580001234567890,012999999999999999,430011.69,NOMINA QUINCENAL,SPEI
TX00254,2025-07-01,012580001234567890,002876210248046164,67674.98,Pago factura 72D35458-61EA-2F30-E42E-707AFE2BD987,SPEI
TX00255,2025-07-01,012580001234567890,021340837908549238,34208.28,Pago factura 8DA5D39B-42C2-1797-0426-FCC9255B30E2,SPEI
TX00256,2025-07-01,072390809722560856,012580001234567890,74491.86,Cobro factura 6D56CFD5-79AB-3018-87F3-C9A4CD1A810D,SPEI
TX00257,2025-07-03,002744493163720449,012580001234567890,98743.74,Cobro factura 6CC0067F-141F-746E-FB29-FF362155FBA8,SPEI
TX00258,2025-07-04,012580001234567890,021578686926242393,43291.2,Pago factura A3760C2D-7B31-DCDC-40D9-1A8E1F44AA88,SPEI
TX00259,2025-07-04,012580001234567890,021578686926242393,38720.68,Pago factura 2DBB45BD-2138-E2E6-F013-A170D5CF3B4C,SPEI
TX00260,2025-07-04,012230486458487734,012580001234567890,84088.54,Cobro factura 4C23E844-3C47-22F3-C1B4-FD44D29CF92A,SPEI
TX00261,2025-07-07,012580001234567890,072598675858742267,28419.88,Pago factura 8E85140D-0F9A-EB70-4670-7CD64CEDA164,SPEI
TX00262,2025-07-07,012580001234567890,021273872090747664,49288.98,Pago factura 00473139-185D-F528-B425-8E191758D47E,SPEI
TX00263,2025-07-07,012580001234567890,014856844373989238,27875.38,Pago factura A06A187D-E2E6-E7A6-BBC9-94734363589C,SPEI
TX00264,2025-07-07,012580001234567890,021031934278352199,17760.18,Pago factura 075072D6-2BAC-F712-D6A9-19E886D895E5,SPEI
TX00265,2025-07-07,012580001234567890,002290297721441525,219532.78,Pago factura 922BDA48-2A7C-F9E9-D7A7-E7B188C62063,SPEI
TX00266,2025-07-07,012580001234567890,012060226260847497,348000.0,Pago factura EAECF4E0-E819-09CE-0DD7-CAC28A1055C5,SPEI
TX00267,2025-07-08,012580001234567890,002740935513325437,87000.0,Pago factura AE5A5F99-F1BB-5D9B-7499-BB6B9AFDD464,SPEI
CP00013,2025-07-09,012060226260847497,058600945757007124,341040.0,PAGO,SPEI
TX00268,2025-07-09,002744493163720449,012580001234567890,58409.98,Cobro factura 20F36E92-38EC-71AA-1E5C-5DA8D087EDCB,SPEI
TX00269,2025-07-09,012580001234567890,127601932254303939,232000.0,Pago factura 2CD51392-D98F-5E83-CF5B-294DD2CC4853,SPEI
TX00270,2025-07-10,012580001234567890,002290297721441525,193131.18,Pago factura E0864418-7F3E-F59B-1638-613769F35B2D,SPEI
TX00271,2025-07-11,012580001234567890,002466589120859208,34437.85,Pago factura 081FEC82-CA9A-CF77-B26A-51A576B40672,SPEI
TX00272,2025-07-11,012580001234567890,014963593378687656,181923.38,Pago factura A925DE85-6258-8CE9-F7AE-EDE80A119BAC,SPEI
TX00273,2025-07-11,012580001234567890,127967249590173425,111360.0,Pago factura 08D16094-B6E3-B91B-3777-D8232D8D7DB8,SPEI
TX00274,2025-07-14,012580001234567890,002538819687479285,10396.38,Pago factura F3ABEA0D-5BE9-FDB3-DD92-DD7C0DB977A9,SPEI
TX00275,2025-07-14,012580001234567890,058722831908112160,110209.05,Pago factura 902A405C-3D9F-FE59-9BC0-FA9352CDADEF,SPEI
TX00276,2025-07-14,012580001234567890,012790534133958170,58043.85,Pago factura E606D7C2-1E18-046D-2E42-1840A05F36C8,SPEI
TX00277,2025-07-14,012580001234567890,012098671286174002,43441.88,Pago factura 3ACDC514-DAE1-8B28-8D81-64B0F85AD287,SPEI
TX00278,2025-07-14,014217435224929418,012580001234567890,107943.43,Cobro factura 402D35E8-1F47-D902-1BA8-4A917462F144,SPEI
TX00279,2025-07-15,058600945757007124,012580001234567890,294000.0,Cobro factura A1396D49-713E-9035-2EFC-D60C5256CD59,SPEI
CP00014,2025-07-16,127967249590173425,021593586857022021,44544.0,TRANSFERENCIA,SPEI
TX00280,2025-07-16,012580001234567890,058685848483733296,116501.58,Pago factura 2379C05F-A708-7280-34EE-0B6721BBD183,SPEI
TX00281,2025-07-17,012580001234567890,021340837908549238,25241.48,Pago factura AF521B94-F186-E47A-A794-63208CF6E8B8,SPEI
TX00282,2025-07-17,014646706457108641,012580001234567890,333310.64,Cobro factura 8DCD6E9B-39D2-D74A-71A7-1782D751AF9C,SPEI
TX00283,2025-07-18,012580001234567890,072101837512445132,148607.48,Pago factura 797EB3E4-63DB-A8C8-B4A2-B699AEFA823B,SPEI
TX00284,2025-07-21,012580001234567890,021273872090747664,16738.68,Pago factura 1A57F9E4-C5F8-E2F8-414F-499428457780,SPEI
TX00285,2025-07-21,012580001234567890,012362985433945965,128226.28,Pago factura 0DBDC5DA-7875-15B9-1E26-ED31D9E92758,SPEI
TX00286,2025-07-21,012580001234567890,021031934278352199,28057.85,Pago factura 71E15B9F-8C6D-768E-45BC-F3BAEF52D36E,SPEI
TX00287,2025-07-21,012580001234567890,058685848483733296,66363.48,Pago factura B440B852-E033-500E-A432-62B38675820E,SPEI
TX00288,2025-07-21,012580001234567890,012098671286174002,49764.0,Pago factura 1C684DB0-0D33-3496-E352-85395D2E7B90,SPEI
TX00289,2025-07-21,014133686941179027,012580001234567890,238931.96,Cobro factura 29CE9BFA-5B7D-9D2D-22AF-F503B17AFF6D,SPEI
TX00290,2025-07-22,012580001234567890,072267963609841748,124946.38,Pago factura A033EDAD-0FDF-DE19-CFD8-35FC469FF562,SPEI
TX00291,2025-07-22,072135125058454048,012580001234567890,348322.71,Cobro factura D544C79B-6AB7-6840-F5B5-AC7163EF5E69,SPEI
TX00292,2025-07-23,012580001234567890,014109484060153917,198733.98,Pago factura B3B6D344-F2E3-C6F0-0075-D3D5BA94AA66,SPEI
TX00293,2025-07-23,012580001234567890,002290297721441525,235793.08,Pago factura DF2E37E7-C4FC-BB84-24AE-FBEA53CC6B95,SPEI
TX00294,2025-07-24,014217435224929418,012580001234567890,306133.31,Cobro factura A93C9413-1396-A289-C29A-988F18A95210,SPEI
TX00295,2025-07-28,012580001234567890,014109484060153917,234564.18,Pago factura CD6BB03B-EB35-37A0-2D6E-0291B7893986,SPEI
TX00296,2025-07-28,012580001234567890,012362985433945965,230120.68,Pago factura 57BCAD3A-D0A1-7FE8-5F64-2A5317CBA85D,SPEI
TX00297,2025-07-28,012580001234567890,072463414408727065,173478.58,Pago factura CBF85149-B6DA-99CD-D14B-256C67DB0943,SPEI
TX00298,2025-07-28,012580001234567890,012999999999999999,413872.9,NOMINA QUINCENAL,SPEI
TX00299,2025-07-29,012580001234567890,072101837512445132,187758.18,Pago factura D4E99A65-022B-7E76-AC3C-BE3402B53D3D,SPEI
TX00300,2025-07-29,021577604977575166,012580001234567890,122356.95,Cobro factura D5AD86BC-F1DB-9AD8-6098-0B94E05B1892,SPEI
TX00301,2025-07-30,012580001234567890,002538819687479285,22748.18,Pago factura 54BBBCF8-28FE-A761-8D49-FE3F2CA8F783,SPEI
TX00302,2025-07-30,012580001234567890,072267963609841748,122820.8,Pago factura D2535515-9DC0-A8B5-5987-038AFCD6C18E,SPEI
TX00303,2025-07-30,058349998051929549,012580001234567890,251376.92,Cobro factura EBF484D0-CE6D-29BF-BC63-3D6C6EAF0A90,SPEI
TX00304,2025-07-31,012580001234567890,012419423697713595,173234.98,Pago factura 65F30779-F6EE-5CDB-2D79-A2D1506E50C7,SPEI
TX00305,2025-07-31,002744493163720449,012580001234567890,176513.08,Cobro factura 7122D7A0-D129-72D3-2396-6B835CD14B22,SPEI
TX00306,2025-08-01,012580001234567890,002876210248046164,39521.08,Pago factura 390239D9-FA8D-AE42-BA54-E9202099D180,SPEI
TX00307,2025-08-01,012580001234567890,127342545876026850,36285.38,Pago factura 9FA4A627-D306-08BE-8548-867BAD5CBA24,SPEI
TX00308,2025-08-01,012580001234567890,058215509941847528,244850.25,Pago factura E2ED8686-B334-22CB-9A3F-0AD169A9AFF9,SPEI
TX00309,2025-08-04,072390809722560856,012580001234567890,129952.14,Cobro factura 83EF3CE9-9FFD-A1E7-4052-E3A566FD3215,SPEI
TX00310,2025-08-05,012580001234567890,012098671286174002,36075.88,Pago factura ADA59CB2-882A-E449-B5B7-1C24785CA87B,SPEI
TX00311,2025-08-05,127967512170538560,012580001234567890,205327.45,Cobro factura 5B7C57E8-FDF0-2450-585B-4B176D9B1EB1,SPEI
TX00312,2025-08-05,012580001234567890,127790287445645713,174000.0,Pago factura C0AC1C00-AF8E-26B2-6CFB-F1736B4D3D1A,SPEI
TX00313,2025-08-06,012580001234567890,014109484060153917,141123.05,Pago factura 59EA4936-60F3-4EBC-E1BB-B8CD7E3A9F07,SPEI
TX00314,2025-08-06,014217435224929418,012580001234567890,304034.0,Cobro factura 48D0E602-FA4F-FBA8-C437-6D895A4EB9F3,SPEI
TX00315,2025-08-07,012580001234567890,014856844373989238,12237.88,Pago factura D5B211A9-9DEC-2B83-3885-8F7E2F1A25A8,SPEI
TX00316,2025-08-08,012580001234567890,002290297721441525,230596.4,Pago factura 227197CA-7887-73ED-4AF7-15B7109EFB40,SPEI
TX00317,2025-08-08,012580001234567890,072495668610432053,9764.65,Pago factura BB3607B0-BAED-6F49-245F-D841147F0413,SPEI
TX00318,2025-08-11,012580001234567890,012514640228022758,107633.85,Pago factura 798E175F-EFB5-6207-DDEC-C40BAFE3AF13,SPEI
TX00319,2025-08-11,012580001234567890,012514640228022758,81643.58,Pago factura 032A461A-DF9B-7C1F-EACB-1F6D7549C9F9,SPEI
TX00320,2025-08-11,012580001234567890,021578686926242393,59424.25,Pago factura 290C4414-8DF5-0B01-DC4D-B762EA1AF7D2,SPEI
TX00321,2025-08-11,012580001234567890,058722831908112160,43061.98,Pago factura CFA28FB8-4199-322E-3BA5-81263FF69F41,SPEI
TX00322,2025-08-11,014133686941179027,012580001234567890,221589.05,Cobro factura 0C78947B-5B21-C9F0-F485-2088E97FB025,SPEI
TX00323,2025-08-11,014646706457108641,012580001234567890,130030.04,Cobro factura 1F6D5768-677F-7C73-FD9B-FAF3D8125123,SPEI
TX00324,2025-08-11,072135125058454048,012580001234567890,49688.3,Cobro factura 6E89A7A8-B68D-4037-D8FE-3FB8A1628ABF,SPEI
TX00325,2025-08-14,012580001234567890,012362985433945965,190167.85,Pago factura 1CF14654-2AB2-02C2-CC02-43C6E2D903C8,SPEI
TX00326,2025-08-14,012580001234567890,014856844373989238,10245.58,Pago factura 4E336644-C657-20AE-5BD6-7D4D7202FAE5,SPEI
TX00327,2025-08-14,012580001234567890,012098671286174002,22573.48,Pago factura 236E9007-3468-0B6E-C609-0B78B5971E43,SPEI
TX00328,2025-08-18,012580001234567890,002876210248046164,108066.18,Pago factura EFFA2002-3040-413C-4690-FB1527B608DC,SPEI
TX00329,2025-08-18,012580001234567890,021273872090747664,28315.6,Pago factura 7FE4A42E-3DB7-88A6-1CDC-C4C262C965B2,SPEI
TX00330,2025-08-18,012580001234567890,021273872090747664,17316.25,Pago factura 161D5C87-53C9-FE59-4F89-E3B2D847DC53,SPEI
TX00331,2025-08-18,012580001234567890,021273872090747664,15195.88,Pago factura 0274CE40-E090-16B6-B186-A5A8D6EE526B,SPEI
TX00332,2025-08-18,012580001234567890,014856844373989238,7989.85,Pago factura 0AF57E60-3BE8-A5DF-5E93-4DE043ACE875,SPEI
TX00333,2025-08-18,012580001234567890,021890726303659684,11017.45,Pago factura B49B4B72-C631-9C16-5827-BC1D93E0F235,SPEI
TX00334,2025-08-18,012580001234567890,072651083822612788,440800.0,Pago factura 809BD813-4F13-823B-51F4-A72499503858,SPEI
TX00335,2025-08-19,012580001234567890,058425592962567064,126866.65,Pago factura FAB1996A-2192-5613-9247-E8512E0D3860,SPEI
TX00336,2025-08-19,012230486458487734,012580001234567890,382919.46,Cobro factura 6C412493-EF7C-EF26-3C66-7012BE741860,SPEI
TX00337,2025-08-21,012580001234567890,058425592962567064,201549.88,Pago factura 05E9F407-DAAD-A0B1-2F13-2A6D2AD55C0B,SPEI
TX00338,2025-08-25,012580001234567890,021273872090747664,54146.25,Pago factura 8C1C8B05-5677-1F36-4899-8E5FD40E53CE,SPEI
TX00339,2025-08-25,012580001234567890,012362985433945965,59404.18,Pago factura 812FAA38-96F6-1C09-059C-1BA0BBEC721D,SPEI
TX00340,2025-08-25,014217435224929418,012580001234567890,245105.05,Cobro factura FCCE5213-6789-9D92-F33C-4C369A690CAD,SPEI
TX00341,2025-08-26,012580001234567890,127967249590173425,55680.0,Pago factura 71A91C81-4EEE-5680-B0BA-8FE363FF910D,SPEI
TX00342,2025-08-28,012580001234567890,012999999999999999,415984.53,NOMINA QUINCENAL,SPEI
TX00343,2025-09-01,012580001234567890,072035061403237378,236712.38,Pago factura D9750F00-D5AB-A8AE-9112-FBC03D8F95F4,SPEI
TX00344,2025-09-01,012580001234567890,012362985433945965,141566.4,Pago factura DE4B061E-B45E-9463-032A-09E05071E5F0,SPEI
TX00345,2025-09-01,012580001234567890,058215509941847528,136149.08,Pago factura 9AAD10CE-CAB2-4F24-1744-EE3FD36EC1BD,SPEI
TX00346,2025-09-01,012580001234567890,058215509941847528,64855.48,Pago factura A8909E31-7517-5F39-7354-44FBE44A0371,SPEI
TX00347,2025-09-01,012580001234567890,058215509941847528,183929.48,Pago factura FAC08FC4-6B2D-9CCC-6279-403CE1A2CFE7,SPEI
TX00348,2025-09-01,058349998051929549,012580001234567890,385071.25,Cobro factura A174A785-6F21-90CB-2FB5-04019D267076,SPEI
TX00349,2025-09-02,014646706457108641,012580001234567890,135880.82,Cobro factura C2EBBAA2-1CE3-70ED-6857-07AC3A40FE39,SPEI
CP00016,2025-09-03,127967249590173425,021593586857022021,22272.0,TRANSFERENCIA,SPEI
TX00350,2025-09-04,012580001234567890,014109484060153917,86292.4,Pago factura B27B7BB4-68C6-90B2-30A2-CEE8F9722CC1,SPEI
TX00351,2025-09-04,012230486458487734,012580001234567890,310052.89,Cobro factura A4F954FC-C449-21B6-CFEF-7811E124C3F2,SPEI
TX00352,2025-09-05,012580001234567890,058215509941847528,77906.18,Pago factura F6E5203C-A237-9E6F-D473-45345AEA6352,SPEI
TX00353,2025-09-05,012580001234567890,072463414408727065,166230.78,Pago factura AB6B3F08-A9A0-F4EF-2C4F-54163C749C16,SPEI
TX00354,2025-09-08,012580001234567890,012514640228022758,44683.78,Pago factura 0AECCEC7-204D-B9DA-3156-7F2ACEF74829,SPEI
TX00355,2025-09-08,012580001234567890,058215509941847528,90259.6,Pago factura 6090103C-1E8D-F8AD-838B-77ADBC2E2B59,SPEI
TX00356,2025-09-08,012580001234567890,072267963609841748,112192.65,Pago factura 9249EE3A-79D1-9C4E-1521-AD35560F1E2D,SPEI
TX00357,2025-09-08,012580001234567890,002657203516539575,25065.05,Pago factura F8698E93-BA5E-4066-CE40-924A29EE29F4,SPEI
TX00358,2025-09-08,012580001234567890,127601932254303939,232000.0,Pago factura E75182A4-F481-38B5-6395-09C4119A7396,SPEI
TX00359,2025-09-09,012580001234567890,058034246116364526,41948.38,Pago factura 1287E313-8F02-6C2C-1B41-49998198D1F5,SPEI
TX00360,2025-09-09,072987012365319337,012580001234567890,342250.04,Cobro factura 12B3C5EB-4198-0029-98E1-D54CBC715183,SPEI
TX00361,2025-09-10,012580001234567890,012514640228022758,42537.08,Pago factura F08CE6C2-F6FF-3521-C225-0530952A5345,SPEI
TX00362,2025-09-10,012580001234567890,021890726303659684,11460.8,Pago factura 043D72DB-1BCB-404C-21D8-B96A62ADA157,SPEI
TX00363,2025-09-10,012580001234567890,012098671286174002,27570.65,Pago factura 38EFA3BC-9457-F388-6F2A-EC8A53C9AACB,SPEI
TX00364,2025-09-11,012580001234567890,002466589120859208,44024.78,Pago factura 04F718C8-5215-B503-3012-F8197DF37378,SPEI
TX00365,2025-09-11,012580001234567890,002657203516539575,1793.0,Pago factura 8720D00F-1263-01A0-641C-B619643058D9,efectivo
TX00366,2025-09-12,012580001234567890,012514640228022758,86791.2,Pago factura D2EFA93B-E9D6-BB7E-361D-B014711456DE,SPEI
TX00367,2025-09-12,012580001234567890,012362985433945965,243852.65,Pago factura 5F8392D5-BB0C-7919-330C-CFF588A5FA0D,SPEI
TX00368,2025-09-12,012580001234567890,072101837512445132,130143.18,Pago factura EAEF2EC2-18EC-DE2B-0A80-2167F4B3F20E,SPEI
TX00369,2025-09-12,012580001234567890,014754116804397510,11428.78,Pago factura E5FBC1C0-AD46-3549-BF41-13CB32E15F17,SPEI
TX00370,2025-09-12,058349998051929549,012580001234567890,416148.48,Cobro factura 99AFEE64-9024-8225-44BB-10E079F7F38C,SPEI
TX00371,2025-09-15,012580001234567890,014856844373989238,20227.85,Pago factura A9D049DC-369E-5AF8-E226-49EE38A06FFE,SPEI
TX00372,2025-09-15,012580001234567890,058722831908112160,71488.25,Pago factura 9883E9B1-48D3-D2CE-FBA3-091F08DFAAF8,SPEI
TX00373,2025-09-15,012580001234567890,012098671286174002,49775.48,Pago factura CF4994E0-7AB1-6533-64F2-2A7C87F797FA,SPEI
TX00374,2025-09-15,014789135342202362,012580001234567890,157871.95,Cobro factura 41A67C90-291C-0DA1-A563-0D3A497BC13B,SPEI
TX00375,2025-09-15,012580001234567890,127601932254303939,232000.0,Pago factura 4F70B88B-F06C-69D9-9339-304B9A8CB3D7,SPEI
TX00376,2025-09-16,012580001234567890,014754116804397510,5707.08,Pago factura 22EB69B1-5F9C-B7E0-6328-143E2D9563ED,SPEI
TX00377,2025-09-17,012580001234567890,127342545876026850,42528.38,Pago factura BFBBEAB3-4237-8962-E4FD-6C34D6707A21,SPEI
TX00378,2025-09-17,012580001234567890,012362985433945965,83590.18,Pago factura 2D445AF8-FC94-76B1-A18B-5D1555273407,SPEI
TX00379,2025-09-17,012230486458487734,012580001234567890,244699.08,Cobro factura E1228E75-4719-8F5C-F69B-D5963F10938C,SPEI
TX00380,2025-09-18,012580001234567890,021273872090747664,58559.58,Pago factura 8085C147-1E91-0F36-5F70-5B2592502E59,SPEI
TX00381,2025-09-19,014217435224929418,012580001234567890,177759.92,Cobro factura 09360F02-75AC-0819-714B-5C03605797CF,SPEI
TX00382,2025-09-19,012580001234567890,002740935513325437,58000.0,Pago factura BAF9706D-802D-DCC4-DC95-6E3103491B41,SPEI
TX00383,2025-09-22,012580001234567890,021340837908549238,32213.08,Pago factura 01B158E9-0406-FF44-7CE4-0679A8C6DBC0,SPEI
TX00384,2025-09-22,012580001234567890,014856844373989238,24418.0,Pago factura 407D0AFF-CB51-A911-2D90-E4EE0DE4833E,SPEI
TX00385,2025-09-22,012580001234567890,012098671286174002,49856.8,Pago factura CD4F2875-DF2D-DF20-05A4-3113101D759E,SPEI
TX00386,2025-09-22,014646706457108641,012580001234567890,125236.6,Cobro factura CD6C78DD-D74F-9844-E50E-A3EC11D1E7D5,SPEI
TX00387,2025-09-22,012604717059498419,012580001234567890,182084.7,Cobro factura E8292E3B-BBFC-5DC1-FFF4-46B9BB468C13,SPEI
TX00388,2025-09-23,012580001234567890,012362985433945965,129896.68,Pago factura B1F81AD9-349B-5089-2733-5670B3ADA2BA,SPEI
TX00389,2025-09-24,012580001234567890,021890726303659684,15242.4,Pago factura 13BC0DC6-3AE0-ACDB-2A65-24AF709D338B,SPEI
TX00390,2025-09-24,012580001234567890,072101837512445132,124192.38,Pago factura 178976DE-9E90-D107-0611-3BFE08B6F61D,SPEI
TX00391,2025-09-24,012230486458487734,012580001234567890,345264.3,Cobro factura A538C6A7-0565-1E80-4EE4-5227D2450039,SPEI
TX00392,2025-09-25,012580001234567890,058215509941847528,221688.18,Pago factura 54B58635-3DAB-1614-5215-0ED87DDCA413,SPEI
TX00393,2025-09-25,012580001234567890,014856844373989238,22350.65,Pago factura 88EAE7D4-1E49-4952-AC5D-4E5763B664F4,SPEI
TX00394,2025-09-26,012580001234567890,012514640228022758,32233.85,Pago factura 44C07A9A-D64A-CB1F-39EB-038A436E3C49,SPEI
TX00395,2025-09-26,012580001234567890,072267963609841748,177097.78,Pago factura 86DC4E34-A9DC-FE52-E7F2-418A953FCFD4,SPEI
TX00396,2025-09-26,014739715501344653,012580001234567890,412535.49,Cobro factura 290C42F8-D30B-EF65-19B3-8619D1FB55B1,SPEI
TX00397,2025-09-29,012580001234567890,021273872090747664,29870.0,Pago factura AA055442-A284-E8FD-755C-EE2AF8DED777,SPEI
TX00398,2025-09-29,012580001234567890,014109484060153917,158966.28,Pago factura 3DBC3093-A828-4442-3F73-8F5019A2676F,SPEI
TX00399,2025-09-29,012580001234567890,014109484060153917,70040.8,Pago factura 1ACF42C5-F3A0-2120-42D9-43EE51976E75,SPEI
TX00400,2025-09-29,012580001234567890,012514640228022758,115051.58,Pago factura 2F546033-6334-FA2A-8B4B-D7E7A4515AE0,SPEI
TX00401,2025-09-29,012580001234567890,058425592962567064,229097.45,Pago factura 2514C7CE-F4E3-5F7B-A1B7-E3D876B874D3,SPEI
TX00402,2025-09-29,012580001234567890,021578686926242393,51921.6,Pago factura 85695F97-180D-C855-C55F-FDE8BC3E1D19,SPEI
TX00403,2025-09-29,012580001234567890,058490231514835122,9166.78,Pago factura 1D39E9C2-1758-4F23-1FA0-9802BBB71494,SPEI
TX00404,2025-09-29,127766932944937978,012580001234567890,169793.13,Cobro factura EAD44E11-1397-A29F-8D0D-F6F60C37EB80,SPEI
TX00405,2025-09-29,072135125058454048,012580001234567890,55088.97,Cobro factura 78202426-3134-1AB8-B9E8-D78149BB1313,SPEI
TX00406,2025-09-29,012580001234567890,012999999999999999,428172.47,NOMINA QUINCENAL,SPEI
TX00407,2025-09-30,012580001234567890,014273796172575982,75539.78,Pago factura FB8986C8-C7EC-FE71-D493-47FC0FC98D2E,SPEI
TX00408,2025-09-30,012580001234567890,072267963609841748,164952.0,Pago factura 5564D1D3-4E0F-BAE1-8787-C3F4EC19E4EB,SPEI
TX00409,2025-09-30,127766932944937978,012580001234567890,269555.42,Cobro factura 0367EE2C-1DDE-A07D-651A-6277017F319F,SPEI
TX00410,2025-10-01,012580001234567890,012098671286174002,55830.68,Pago factura DFCB821B-237C-DB55-C596-FAB776B90472,SPEI
TX00411,2025-10-03,012580001234567890,072598675858742267,8111.18,Pago factura 6883AC6E-6A94-4054-B241-4482519894D8,SPEI
TX00412,2025-10-03,012580001234567890,014109484060153917,67572.78,Pago factura E2789642-A484-E035-330F-AAA36B52F93C,SPEI
TX00413,2025-10-03,072987012365319337,012580001234567890,101489.59,Cobro factura 6ED47A6D-87C9-DAAC-B5D3-4F2F513BB65C,SPEI
TX00414,2025-10-03,072987012365319337,012580001234567890,164549.69,Cobro factura D45FF4DB-9CE9-1544-4362-262DE07EE721,SPEI
TX00415,2025-10-03,127766932944937978,012580001234567890,335298.28,Cobro factura BE86F5D0-F73E-EB07-A860-25BFDE68666D,SPEI
TX00416,2025-10-06,014217435224929418,012580001234567890,102562.29,Cobro factura C3963BF9-7CC9-D887-639A-C771B739A28A,SPEI
TX00417,2025-10-06,072972163989822734,012580001234567890,419179.75,Cobro factura 7DC42F12-FE9B-D0E1-BCA3-765350C76BAA,SPEI
TX00418,2025-10-06,072972163989822734,012580001234567890,93376.2,Cobro factura 1FA7CDDF-25E6-D919-DDEB-CD5CB8427379,SPEI
TX00419,2025-10-06,012580001234567890,072633487067317933,6989.3,Pago factura 6AB62DBF-8663-E8BB-6AF7-895BB241CFD3,SPEI
TX00420,2025-10-06,012580001234567890,072633487067317933,15743.18,Pago factura AE8E6075-5EEB-C618-5628-27686DF0AC3C,SPEI
TX00421,2025-10-07,012580001234567890,072267963609841748,140348.98,Pago factura 65339CF0-7CE4-770E-32B7-3D808F2E08D3,SPEI
TX00422,2025-10-07,012188850611322279,012580001234567890,171844.22,Cobro factura E724B119-AF2F-32A7-20B6-D43CFBF3A106,SPEI
TX00423,2025-10-08,012580001234567890,072495668610432053,29150.68,Pago factura F5E8A7E1-5A58-9B67-6BC7-B63554DE19CD,SPEI
TX00424,2025-10-08,012580001234567890,012060226260847497,348000.0,Pago factura 7FAC89FE-5FE0-C7C3-2336-D60B0F571D6B,SPEI
CP00018,2025-10-09,012060226260847497,058600945757007124,341040.0,PAGO,SPEI
TX00425,2025-10-09,012580001234567890,058490231514835122,21866.58,Pago factura 2BBF1E35-C4AC-B57D-0B3D-6DC9616F760A,SPEI
TX00426,2025-10-10,012580001234567890,058215509941847528,208535.98,Pago factura C9C1AD45-F4EA-6B97-6AA4-15B56336C815,SPEI
TX00427,2025-10-10,014789135342202362,012580001234567890,280182.92,Cobro factura E7D90C1B-A59C-AEED-6C09-72046FA6681C,SPEI
TX00428,2025-10-13,012580001234567890,012514640228022758,112334.4,Pago factura 4FA5C35E-10CC-4604-28B2-6B1BCA9F1D59,SPEI
TX00429,2025-10-13,012580001234567890,072495668610432053,10463.08,Pago factura D707CB6D-5C3B-D3B5-ECAA-DAFBD7E4527A,SPEI
TX00430,2025-10-13,072135125058454048,012580001234567890,260777.35,Cobro factura ADBD2E33-EF6E-9295-9C8A-F485B98050A6,SPEI
TX00431,2025-10-14,012580001234567890,021890726303659684,15543.88,Pago factura 17DB4C2F-1E15-8E2F-C09C-2EBE80DA2ED7,SPEI
TX00432,2025-10-14,002744493163720449,012580001234567890,428934.62,Cobro factura EC6494E0-2198-6E3C-D19F-CF311DD73F1F,SPEI
TX00433,2025-10-14,014217435224929418,012580001234567890,329577.67,Cobro factura 9AC60306-61F4-3C2B-2DD9-3719F8D9BF33,SPEI
TX00434,2025-10-14,012580001234567890,127601932254303939,232000.0,Pago factura 1752815C-BCBF-1583-0A01-75E5937D6FB1,SPEI
TX00435,2025-10-14,058600945757007124,012580001234567890,294000.0,Cobro factura 991B749E-B9AD-D00A-EC64-8A9B3CF1C29E,SPEI
TX00436,2025-10-14,012580001234567890,072633487067317933,12146.92,Pago factura A8AC1AB1-AFA9-D02C-9E4C-4BE773B0E73D,SPEI
TX00437,2025-10-14,012580001234567890,002657203516539575,1733.25,Pago factura 606FFA15-F76C-432E-B442-8CDE4A9F6C5C,efectivo
TX00438,2025-10-15,012580001234567890,127967249590173425,74240.0,Pago factura 38772265-102C-01A3-AB40-4598AE11D3C2,SPEI
TX00439,2025-10-17,012580001234567890,012514640228022758,111464.4,Pago factura BE64AC2A-F966-71A5-4CEC-495B226716E3,SPEI
CP00020,2025-10-20,127967249590173425,021593586857022021,29696.0,TRANSFERENCIA,SPEI
TX00440,2025-10-20,072987012365319337,012580001234567890,205953.91,Cobro factura 999F0691-34E4-20BF-DB38-F3066E6A3D5B,SPEI
TX00441,2025-10-21,014133686941179027,012580001234567890,352482.96,Cobro factura 29B05B37-4271-0779-D864-465A047DD583,SPEI
TX00442,2025-10-21,014646706457108641,012580001234567890,92468.03,Cobro factura 5C7AE8EF-C324-5E35-7EED-CC6522CB2720,SPEI
TX00443,2025-10-22,012580001234567890,014109484060153917,207979.18,Pago factura 2E0869C1-453B-45FE-636C-F4995254AAD3,SPEI
TX00444,2025-10-22,072390809722560856,012580001234567890,135329.09,Cobro factura F0278488-BE01-5802-D2EB-A277F64D4DE0,SPEI
TX00445,2025-10-22,012580001234567890,002740935513325437,87000.0,Pago factura FCCE3EF8-A41B-C4C2-4ECC-B0AB7D5338CA,SPEI
TX00446,2025-10-23,012580001234567890,072035061403237378,104889.98,Pago factura 67F1698C-F594-8A54-5F80-4EEB143A9AFF,SPEI
TX00447,2025-10-23,012580001234567890,002538819687479285,29496.25,Pago factura B39E4DF2-5C0A-1FEB-F7EA-E66ECA6CAF9B,SPEI
TX00448,2025-10-23,012580001234567890,002740935513325437,87000.0,Pago factura BC547D54-6C8D-E840-ED30-555662A53193,SPEI
TX00449,2025-10-24,012188850611322279,012580001234567890,309304.08,Cobro factura 77DD362B-4A6B-836B-157F-108B86514886,SPEI
TX00450,2025-10-27,012580001234567890,021340837908549238,45544.38,Pago factura 774C0AFA-7F4D-908C-E1FF-F6C08347F1DA,SPEI
TX00451,2025-10-27,012580001234567890,002538819687479285,11080.78,Pago factura 83B0B35C-DBA6-FDF8-F3D0-4FFB44709848,SPEI
TX00452,2025-10-27,012580001234567890,012514640228022758,113517.6,Pago factura 3362D476-D53A-E57F-E00B-D5343158F1FB,SPEI
TX00453,2025-10-27,012580001234567890,072880371318781446,11658.0,Pago factura 3C52D68A-8EC6-1BE5-012B-809E6B358D15,SPEI
TX00454,2025-10-27,012580001234567890,072880371318781446,10344.65,Pago factura CBEED3E3-1CD8-89E2-3197-91670D95EE72,SPEI
TX00455,2025-10-27,014133686941179027,012580001234567890,313224.07,Cobro factura C4359252-319D-D940-838C-C13713AAE9C8,SPEI
TX00456,2025-10-27,072987012365319337,012580001234567890,228122.28,Cobro factura D3C724E8-7426-32D7-EDA4-13C6EB8466E4,SPEI
TX00457,2025-10-28,012580001234567890,072598675858742267,12249.6,Pago factura D0D75E37-3BF2-025F-4A0D-2B73FE54EE4B,SPEI
TX00458,2025-10-28,012580001234567890,014856844373989238,18316.28,Pago factura 1923CAFC-402D-105B-113E-AF84ABF39096,SPEI
TX00459,2025-10-28,012580001234567890,058425592962567064,57585.18,Pago factura BFB0942C-AC77-7762-6620-516717CF775F,SPEI
TX00460,2025-10-28,012580001234567890,058490231514835122,9836.68,Pago factura 736D417C-52CE-55E3-69DF-05C764A0053F,SPEI
TX00461,2025-10-28,012580001234567890,002657203516539575,13908.98,Pago factura FE67E8E9-0A88-E6CA-1DEE-4B6D3CE75D1E,SPEI
TX00462,2025-10-28,012580001234567890,012999999999999999,413027.11,NOMINA QUINCENAL,SPEI
TX00463,2025-10-29,012580001234567890,072035061403237378,220437.58,Pago factura 0AE4AC11-EB4D-8F42-8735-70A2E5110961,SPEI
TX00464,2025-10-30,012580001234567890,012362985433945965,70307.6,Pago factura FA2FBD74-FD19-35CC-74ED-A60E3B2D520B,SPEI
TX00465,2025-10-30,012580001234567890,072495668610432053,17339.45,Pago factura 6CBDD931-2F90-0058-39CA-28265AF56A23,SPEI
TX00466,2025-10-30,012580001234567890,002657203516539575,25726.25,Pago factura 8BD03267-BD0E-01CE-F85B-C2D301196E6D,SPEI
TX00467,2025-10-30,014217435224929418,012580001234567890,162709.26,Cobro factura 97F971D5-94F8-9E6C-C416-C07CB6A787B1,SPEI
TX00468,2025-10-30,072972163989822734,012580001234567890,63434.62,Cobro factura 8F942977-B582-EF0C-FD23-36F45B44E6ED,SPEI
TX00469,2025-10-31,012580001234567890,012362985433945965,180122.25,Pago factura D73418FE-2B84-3EF3-D86D-655D4CD99164,SPEI
TX00470,2025-11-03,012580001234567890,058425592962567064,242414.25,Pago factura FC40A3D4-E5EB-4549-7E0A-04C250BF2995,SPEI
TX00471,2025-11-03,012580001234567890,012098671286174002,50654.65,Pago factura A5CBBF6F-3D33-3164-4BB8-EBE25BC07988,SPEI
TX00472,2025-11-05,012580001234567890,058490231514835122,20068.0,Pago factura F66C7331-A172-2EE3-C3E1-847C8420E0D8,SPEI
TX00473,2025-11-06,012580001234567890,021890726303659684,4976.98,Pago factura DBEAE9F8-E8FB-5A96-3B85-F6E1C40F5405,SPEI
TX00474,2025-11-06,012580001234567890,058685848483733296,116507.85,Pago factura 2875D40A-EAC7-DC2E-9099-A283EEDB0CE5,SPEI
TX00475,2025-11-06,012580001234567890,072101837512445132,223685.58,Pago factura 277664D0-D25C-7D37-EF16-D03B987593C3,SPEI
TX00476,2025-11-10,012580001234567890,012060226260847497,522000.0,Pago factura A4C31AF7-514A-36BF-4733-4B73225F52AB,SPEI
TX00477,2025-11-11,012580001234567890,002657203516539575,24986.98,Pago factura F4BE28B4-4CD7-E6F7-433E-CD2C276E1D67,SPEI
CP00022,2025-11-12,012060226260847497,058600945757007124,511560.0,PAGO,SPEI
TX00478,2025-11-12,012188850611322279,012580001234567890,189112.65,Cobro factura A5C9CF20-3967-26AA-AD2B-2C8276A990F1,SPEI
TX00479,2025-11-14,012580001234567890,072463414408727065,57373.48,Pago factura 5E85643C-0FFA-2366-4B4F-AFAFDA3DC780,SPEI
TX00480,2025-11-17,012580001234567890,012362985433945965,152412.98,Pago factura ABF0263E-0343-8B64-00B3-700F3C088990,SPEI
TX00481,2025-11-17,012580001234567890,012362985433945965,149860.28,Pago factura 5BCD236C-C777-4FAE-6137-58C39C7FACA6,SPEI
TX00482,2025-11-17,012580001234567890,058034246116364526,53649.88,Pago factura 902BD154-6088-5550-F74F-690071594914,SPEI
TX00483,2025-11-17,012580001234567890,072463414408727065,74759.45,Pago factura 9927839B-11D1-CE50-67E2-189BF4B4C704,SPEI
TX00484,2025-11-17,012580001234567890,002657203516539575,23315.88,Pago factura 7A9E8394-BB4C-CB14-1CC0-B764B06BEFCA,SPEI
TX00485,2025-11-17,058600945757007124,012580001234567890,441000.0,Cobro factura 54CE20EA-BB9D-92C0-D8D0-B8DB3AA06694,SPEI
TX00486,2025-11-18,012580001234567890,014856844373989238,21181.48,Pago factura E4DC4306-8B20-CE3E-42B7-C0488D3543BE,SPEI
TX00487,2025-11-19,012580001234567890,058215509941847528,178953.78,Pago factura 586528E6-AFC5-C20E-4A63-6AF5B6E1E7AC,SPEI
TX00488,2025-11-19,012580001234567890,014856844373989238,10787.88,Pago factura 013CA998-2B2B-F58C-6DA5-8DADF56AABC0,SPEI
TX00489,2025-11-20,012580001234567890,021273872090747664,43314.28,Pago factura D90F74E9-06DD-F6CA-B0C3-0A59F0F7AD22,SPEI
TX00490,2025-11-20,014217435224929418,012580001234567890,53779.15,Cobro factura 6E2F1D3B-FD9F-45F4-0816-D739C3933447,SPEI
TX00491,2025-11-21,014646706457108641,012580001234567890,321409.75,Cobro factura 65125D2E-24B3-BC8E-1E85-0F8015C2F297,SPEI
TX00492,2025-11-24,012580001234567890,012419423697713595,208083.58,Pago factura 64976593-C92E-8C93-D105-C8D647C1C017,SPEI
TX00493,2025-11-24,012580001234567890,002538819687479285,19311.45,Pago factura D703262F-B5CB-E3F5-6A66-C1847DE1BF5D,SPEI
TX00494,2025-11-24,012580001234567890,012098671286174002,56364.98,Pago factura 80E9B300-4471-9067-E5DE-F08E5A4B4FDB,SPEI
TX00495,2025-11-24,002744493163720449,012580001234567890,365130.71,Cobro factura 31094211-B73F-6E64-378D-2F8D8761F9DA,SPEI
TX00496,2025-11-24,072987012365319337,012580001234567890,63573.8,Cobro factura 80F58B81-2B7C-5EE3-42A2-79502DEB5687,SPEI
TX00497,2025-11-25,012580001234567890,014273796172575982,76919.6,Pago factura 1EE89A4C-6811-34E2-5064-7C59774F6354,SPEI
TX00498,2025-11-25,012580001234567890,072880371318781446,6853.05,Pago factura 88B04B77-7FEB-4CF3-4EC7-7371A4B65CFA,SPEI
TX00499,2025-11-28,012580001234567890,002657203516539575,27489.45,Pago factura A42D10F5-9BAF-CC20-0E16-AF3F538CC0CA,SPEI
TX00500,2025-11-28,012580001234567890,012999999999999999,422479.53,NOMINA QUINCENAL,SPEI
TX00501,2025-12-01,012580001234567890,021273872090747664,52257.88,Pago factura 7E4CE29F-F8CB-AB4C-9779-0E845E472E22,SPEI
TX00502,2025-12-01,012580001234567890,012362985433945965,110768.4,Pago factura A3FE0479-46C7-9B36-FD05-39635616AF7E,SPEI
TX00503,2025-12-01,012580001234567890,072463414408727065,168304.98,Pago factura 91FDA27F-4CBB-7460-510C-8C48E09EF2A3,SPEI
TX00504,2025-12-01,012604717059498419,012580001234567890,205668.85,Cobro factura 3D75E423-2D92-1DAB-4152-6BFF661B9738,SPEI
TX00505,2025-12-02,012580001234567890,002538819687479285,23861.08,Pago factura 34E50699-C8EB-E27A-23A4-E70E9DBC15C0,SPEI
TX00506,2025-12-03,014217435224929418,012580001234567890,321770.05,Cobro factura B4C04BDF-E27B-B6C4-4D94-5434C7859C05,SPEI
TX00507,2025-12-05,012580001234567890,058425592962567064,156451.98,Pago factura 915D9A63-DBC6-C928-8FE8-4E20403FD582,SPEI
TX00508,2025-12-05,012580001234567890,021031934278352199,18200.28,Pago factura 88A613B4-A3B8-1F92-A3C9-0C6A86017633,SPEI
TX00509,2025-12-08,012580001234567890,012419423697713595,129725.58,Pago factura D2D33488-D0C3-0018-6E3C-DD4F55B145E4,SPEI
TX00510,2025-12-08,012580001234567890,058215509941847528,225049.05,Pago factura 5E244824-A5CB-3C6E-B5A4-C55BB4629214,SPEI
TX00511,2025-12-08,012580001234567890,021578686926242393,42943.2,Pago factura 9E5F8273-AF9A-1168-1766-17957FFAB493,SPEI
TX00512,2025-12-08,127766932944937978,012580001234567890,348781.94,Cobro factura 9FB209B1-732F-C932-AB96-2697C1E1F813,SPEI
TX00513,2025-12-08,072135125058454048,012580001234567890,295222.6,Cobro factura 0979F5D3-4A70-3330-FFC0-31368DE6E6B3,SPEI
TX00514,2025-12-09,012580001234567890,072463414408727065,136369.48,Pago factura 6241CBA3-7B7C-E7CC-F950-F7FA28B58DB5,SPEI
TX00515,2025-12-09,012580001234567890,072495668610432053,25334.28,Pago factura 94010DFE-7921-0C7C-A119-CEEE0FB91307,SPEI
TX00516,2025-12-10,012580001234567890,014856844373989238,19998.28,Pago factura 3D877034-7217-3FA3-5893-EF12AB3F8D22,SPEI
TX00517,2025-12-10,012580001234567890,014856844373989238,24838.38,Pago factura 6593B659-172E-8C68-82AA-5C4680499BBF,SPEI
TX00518,2025-12-10,012580001234567890,002290297721441525,220913.18,Pago factura ED56C714-5A96-21F5-9F8C-EDA5FEB9EA24,SPEI
TX00519,2025-12-10,014133686941179027,012580001234567890,360697.66,Cobro factura 50F32AB5-DF58-6EFF-5296-5CF38B30BB4C,SPEI
TX00520,2025-12-11,014217435224929418,012580001234567890,403177.17,Cobro factura 436D977B-6431-CBBE-0E44-C9DC81B61C87,SPEI
TX00521,2025-12-12,012580001234567890,058034246116364526,55955.85,Pago factura C9E55C47-A237-A8C1-61F6-DFBE114B3C79,SPEI
TX00522,2025-12-12,014646706457108641,012580001234567890,123708.52,Cobro factura 2E4C16E2-1B79-9E6B-F52E-F4A6AC6C2E1B,SPEI
TX00523,2025-12-12,012580001234567890,002740935513325437,58000.0,Pago factura C571F9AB-4158-9D90-F504-4D156FB138C2,SPEI
TX00524,2025-12-12,012580001234567890,127897211558517365,17389.73,Pago factura CEF66A14-6FDC-C21B-DB2C-0EB7F75C0751,SPEI
TX00525,2025-12-15,012580001234567890,072101837512445132,151577.78,Pago factura A4B1CF6A-9D2C-E51B-37E8-2D716E66A273,SPEI
TX00526,2025-12-15,012580001234567890,014754116804397510,8445.38,Pago factura CE1E8D1F-9DE7-DF7B-5594-552B405A8E7E,SPEI
TX00527,2025-12-16,058761949011137398,012580001234567890,261363.71,Cobro factura B22A55A6-0539-1557-4441-22A56BD1F826,SPEI
TX00528,2025-12-16,072390809722560856,012580001234567890,71406.58,Cobro factura 25D287D0-7665-8707-5D41-1AC5335DAB46,SPEI
TX00529,2025-12-17,012580001234567890,021273872090747664,34147.85,Pago factura 17D50F59-C4D5-98F7-E14F-E093CB6AD0C7,SPEI
TX00530,2025-12-19,012580001234567890,002612058920737212,76919.6,Pago factura 1EE89A4C-6811-34E2-5064-7C59774F6354,SPEI
TX00531,2025-12-22,012580001234567890,014109484060153917,98843.48,Pago factura 13EB22C9-BECE-D21A-54C7-743B2401342A,SPEI
TX00532,2025-12-22,012580001234567890,012514640228022758,42363.08,Pago factura EA074D80-BA23-6C22-E92A-7B9751DB1A37,SPEI
TX00533,2025-12-22,012580001234567890,012362985433945965,105641.08,Pago factura A976DC4D-0C47-2187-FEA3-5D37980B6853,SPEI
TX00534,2025-12-22,012580001234567890,014856844373989238,11762.28,Pago factura C5F833CF-F4CE-8477-F8BC-A9AC2ADA62CE,SPEI
TX00535,2025-12-22,012580001234567890,021890726303659684,16655.05,Pago factura 2488C84D-99D0-90FD-6928-043ED492B51A,SPEI
TX00536,2025-12-22,012580001234567890,021890726303659684,11335.98,Pago factura 468B22AF-9CA4-364D-5D9A-D9F1908E3A95,SPEI
TX00537,2025-12-22,012580001234567890,002466589120859208,32953.05,Pago factura A0152B5B-6C17-E150-1447-16CC4352ACEA,SPEI
TX00538,2025-12-22,012580001234567890,072495668610432053,20207.08,Pago factura 57F2A45F-E751-5D4B-0D82-9D529CF021B8,SPEI
TX00539,2025-12-22,127766932944937978,012580001234567890,385964.12,Cobro factura AC7E5CC6-B0CF-3E7F-5C58-B8BA9DE2FD3F,SPEI
TX00540,2025-12-22,012580001234567890,072633487067317933,8022.4,Pago factura 74F8A913-00CA-280F-19A5-3942CE67B962,SPEI
TX00541,2025-12-23,012580001234567890,002538819687479285,14351.98,Pago factura 12EF6101-6082-786F-CA00-EF586C521D13,SPEI
TX00542,2025-12-24,012580001234567890,072101837512445132,88391.88,Pago factura D1CCC8D3-C167-6505-43AF-6C46A46B3932,SPEI
TX00543,2025-12-25,012580001234567890,014856844373989238,22295.78,Pago factura B3E6F4C6-D428-DF6C-89AA-429334A0DCD4,SPEI
TX00544,2025-12-25,012580001234567890,072267963609841748,108596.65,Pago factura A9B92A1D-4574-98CA-A90E-319D637E3F94,SPEI
TX00545,2025-12-25,012580001234567890,012098671286174002,13989.6,Pago factura 4BED523C-085F-F4D1-87EA-651B5539562B,SPEI
TX00546,2025-12-26,012580001234567890,002538819687479285,15729.48,Pago factura A590FD3C-AD6E-CC57-A520-C3D0FBCDBF5E,SPEI
TX00547,2025-12-26,012580001234567890,014109484060153917,180243.58,Pago factura B173FCDF-3FE1-E8F3-35AD-DE8843E4F668,SPEI
TX00548,2025-12-26,012580001234567890,014856844373989238,23745.08,Pago factura F2DEC75C-90FC-C9F1-2DDC-756B28C2CCE9,SPEI
TX00549,2025-12-26,002744493163720449,012580001234567890,260828.91,Cobro factura E8956041-1E71-AFA9-7815-C7DF0F2C01B7,SPEI
TX00550,2025-12-26,012580001234567890,127897211558517365,16006.53,Pago factura B73C62AB-FE4C-EFED-6F55-2C9E1B000F9F,SPEI
TX00551,2025-12-29,012580001234567890,012419423697713595,152412.28,Pago factura 4DFE1117-22AF-711F-1B62-8A9D75366B9F,SPEI
TX00552,2025-12-29,012580001234567890,014273796172575982,238391.6,Pago factura 13325C31-D010-318A-EADC-9960424211E2,SPEI
TX00553,2025-12-29,012580001234567890,058215509941847528,175661.58,Pago factura C8B648E0-12A8-50C5-5BAB-7F4A8CD74C27,SPEI
TX00554,2025-12-29,012580001234567890,021890726303659684,3781.6,Pago factura 1690636B-6F74-E55D-99A9-AF6AED054732,SPEI
TX00555,2025-12-29,012580001234567890,072495668610432053,10022.4,Pago factura B8A9B014-24DC-EA07-0405-6D2BA5FCD671,SPEI
TX00556,2025-12-29,012580001234567890,072880371318781446,11670.18,Pago factura 2DEE003E-01D9-6E96-01A0-204714AA3CA3,SPEI
TX00557,2025-12-29,127967512170538560,012580001234567890,65241.46,Cobro factura CF3EE4AA-594F-FD27-5DCD-0D40D6415102,SPEI
TX00558,2025-12-29,012580001234567890,012999999999999999,439813.02,NOMINA QUINCENAL,SPEI
TX00559,2025-12-30,012580001234567890,012790534133958170,82163.38,Pago factura A73D2746-0E18-AB96-25F4-1DD62F51AC6E,SPEI
TX00560,2025-12-30,012580001234567890,002290297721441525,190553.08,Pago factura BFD467E7-7491-050C-F75E-FED82D6B5953,SPEI
TX00561,2025-12-30,072987012365319337,012580001234567890,450306.83,Cobro factura CF5285F7-BF8C-C6F9-B5A6-1D619925BC9B,SPEI
TX00562,2025-12-31,012580001234567890,021340837908549238,17815.05,Pago factura 30C36756-D453-F867-B97E-6224891F6912,SPEI
TX00563,2025-12-31,012580001234567890,072035061403237378,217047.6,Pago factura 8D7DD772-608E-2F5C-6117-727067C0518B,SPEI
TX00564,2025-12-31,012580001234567890,072035061403237378,196921.48,Pago factura D6B361E4-3B6D-CA0D-6FE5-040B1901EF87,SPEI
TX00565,2025-12-31,012580001234567890,002538819687479285,25659.2,Pago factura 4A94AE9F-CC35-1E4F-703E-957F35AB8466,SPEI
TX00566,2025-12-31,012580001234567890,002538819687479285,28095.08,Pago factura 9645F0E4-647D-C392-9C7E-B575637DDCD6,SPEI
TX00567,2025-12-31,012580001234567890,002538819687479285,24177.18,Pago factura 502CF0EE-224A-66A6-AC0F-680115B24E1D,SPEI
TX00568,2025-12-31,012580001234567890,002538819687479285,25279.18,Pago factura D1151FFF-DCB9-1D5F-593C-572B4347DBCA,SPEI
TX00569,2025-12-31,012580001234567890,002538819687479285,10046.18,Pago factura 3F5FBF4F-D417-6230-5274-EE11B61DF906,SPEI
TX00570,2025-12-31,012580001234567890,021273872090747664,28643.18,Pago factura 5F31273D-1519-830C-4019-83035C457E4D,SPEI
TX00571,2025-12-31,012580001234567890,021273872090747664,35600.4,Pago factura B1AC040D-6C1C-C405-DC3F-42E0FCF7B842,SPEI
TX00572,2025-12-31,012580001234567890,021273872090747664,21926.78,Pago factura 6965D1D1-EB7E-2E64-26C0-747EBF8E8BFA,SPEI
TX00573,2025-12-31,012580001234567890,014273796172575982,138843.18,Pago factura E2280FE3-722D-CE13-47A4-8C4246653497,SPEI
TX00574,2025-12-31,012580001234567890,014109484060153917,177547.05,Pago factura A3607681-2BBB-A89D-34FA-DEE106969D48,SPEI
TX00575,2025-12-31,012580001234567890,012514640228022758,37273.58,Pago factura 96F84FF7-C1A7-2883-F880-287869FB0763,SPEI
TX00576,2025-12-31,012580001234567890,058215509941847528,144596.78,Pago factura 74577D47-D825-3010-3911-2943D10BF4DC,SPEI
TX00577,2025-12-31,012580001234567890,014856844373989238,7714.58,Pago factura CBF925B5-6418-16B7-BF2B-43B422E9E527,SPEI
TX00578,2025-12-31,012580001234567890,014856844373989238,22921.6,Pago factura 515A6B43-3189-1F48-E66E-2C1111DEFEBF,SPEI
TX00579,2025-12-31,012580001234567890,021890726303659684,8746.28,Pago factura E8410A39-F901-2B9C-6057-153A4067F790,SPEI
TX00580,2025-12-31,012580001234567890,021890726303659684,12261.08,Pago factura 87A20E22-B298-B811-0B1E-C578DFF47C51,SPEI
TX00581,2025-12-31,012580001234567890,002466589120859208,50126.38,Pago factura 2EB23CA3-1186-DA93-DA7D-CC533020CF06,SPEI
TX00582,2025-12-31,012580001234567890,021578686926242393,64647.38,Pago factura 8F1C3FA0-7000-0009-B4E5-70BA7C3CC2BC,SPEI
TX00583,2025-12-31,012580001234567890,058722831908112160,52084.58,Pago factura 1B02FA24-BF00-F56C-6A49-89A68EE25E54,SPEI
TX00584,2025-12-31,012580001234567890,058722831908112160,69449.2,Pago factura 56673E49-8133-8BDC-66CC-73768CCA8963,SPEI
TX00585,2025-12-31,012580001234567890,072267963609841748,131054.25,Pago factura 7C12D198-50C1-B8F7-E764-28C4197FA0FD,SPEI
TX00586,2025-12-31,012580001234567890,012790534133958170,74237.45,Pago factura 01AEC505-99A0-4ABB-99E9-54331453E17E,SPEI
TX00587,2025-12-31,012580001234567890,002290297721441525,149092.25,Pago factura A090360D-27C7-655A-7B43-4A7222C0C475,SPEI
TX00588,2025-12-31,012580001234567890,072463414408727065,181305.45,Pago factura DC70CE22-24CA-F1B8-394A-97FDF28BF846,SPEI
TX00589,2025-12-31,012580001234567890,072463414408727065,120074.38,Pago factura 1CE62A9F-79AF-8348-10BB-C60D07BF63EE,SPEI
TX00590,2025-12-31,012580001234567890,072463414408727065,67663.38,Pago factura CF51A203-A2D9-99BA-C146-ED52E73BC913,SPEI
TX00591,2025-12-31,012580001234567890,014963593378687656,114700.8,Pago factura F5FF3705-DA74-A056-88DD-44CC5D87EDD2,SPEI
TX00592,2025-12-31,012580001234567890,012098671286174002,59983.6,Pago factura E5DFC7AF-6403-C4BC-1486-0C2D1659DDCC,SPEI
TX00593,2025-12-31,012580001234567890,012098671286174002,52301.85,Pago factura 8C68720E-D787-463D-87B8-F95CB265A6C2,SPEI
TX00594,2025-12-31,014133686941179027,012580001234567890,337871.23,Cobro factura 947DEFCF-88CF-C53D-1888-89CE5CCE495D,SPEI
TX00595,2025-12-31,002744493163720449,012580001234567890,393599.4,Cobro factura B6697D0A-8837-6BBC-D898-06FD86912EFE,SPEI
TX00596,2025-12-31,014217435224929418,012580001234567890,251255.23,Cobro factura 927C5EA7-8A15-9E92-AF74-AE638DC4C81F,SPEI
TX00597,2025-12-31,058761949011137398,012580001234567890,171479.92,Cobro factura 7F383A3E-33A6-7403-6F9D-1D74F82C6AD8,SPEI
TX00598,2025-12-31,058761949011137398,012580001234567890,356630.04,Cobro factura 94047909-D81C-A1A0-B7BB-A2AA178A8C73,SPEI
TX00599,2025-12-31,072390809722560856,012580001234567890,268863.59,Cobro factura E8266484-C4E4-FE52-DA4F-706B9D4AC78B,SPEI
TX00600,2025-12-31,072390809722560856,012580001234567890,366085.36,Cobro factura 5193412D-6906-D118-6F75-A3B2D8186112,SPEI
TX00601,2025-12-31,012230486458487734,012580001234567890,416276.41,Cobro factura B9676DC6-D6FD-D1A5-F173-12F4659AE9F2,SPEI
TX00602,2025-12-31,012230486458487734,012580001234567890,429530.16,Cobro factura 8D7F9371-40C3-7CBC-3D5B-6535ABEDE2B6,SPEI
TX00603,2025-12-31,012230486458487734,012580001234567890,446662.76,Cobro factura AF6C6F61-CFEF-A2A2-E735-4DB25CE4124B,SPEI
TX00604,2025-12-31,014739715501344653,012580001234567890,217748.04,Cobro factura 7A7628E6-7394-D796-51C4-243BF07DB671,SPEI
TX00605,2025-12-31,021577604977575166,012580001234567890,294045.33,Cobro factura 32DBA028-4823-DEBE-CCAD-E92E53DC4FAE,SPEI
TX00606,2025-12-31,072987012365319337,012580001234567890,125478.06,Cobro factura 255C82C7-CADE-E3EC-6895-09082E2CB850,SPEI
TX00607,2025-12-31,072972163989822734,012580001234567890,312265.96,Cobro factura 260C037E-305D-0EF7-0D9F-F83D70A32883,SPEI
TX00608,2025-12-31,072972163989822734,012580001234567890,290978.88,Cobro factura 010E622B-F8BC-920C-FF7D-39F795635C97,SPEI
TX00609,2025-12-31,012604717059498419,012580001234567890,456205.28,Cobro factura 97206C66-5FA1-8468-64E8-4FFC1F3ACC68,SPEI
TX00610,2025-12-31,012604717059498419,012580001234567890,445292.16,Cobro factura 54555290-017C-75C5-A873-19FE981DC530,SPEI
TX00611,2025-12-31,072135125058454048,012580001234567890,220596.6,Cobro factura 9F690CDE-7EAA-7A91-1DEF-D401792CAD76,SPEI
TX00612,2025-12-31,012580001234567890,002612058920737212,238391.6,Pago factura 13325C31-D010-318A-EADC-9960424211E2,SPEI
