uuid,issuer_rfc,receiver_rfc,issue_date,subtotal,iva,total,concepto_text,uso_cfdi,forma_pago,metodo_pago,status
93683DD6-5050-127E-4E38-5D03A0D80651,TIN091214KL3,BNT021022VED,2025-01-02,184238.27,29478.12,213716.39,Maquinado de piezas,G01,03,PPD,vigente
EBA46463-36C9-B657-EC9A-799E19437791,TIN091214KL3,IHL120323PQ0,2025-01-03,390488.77,62478.2,452966.97,Corte y doblez,G01,03,PPD,vigente
98BE5FF0-929D-AF9F-0149-A2AF0AB1A504,WWH110626S3K,TIN091214KL3,2025-01-06,17719.9,2835.18,20555.08,Placa de acero A36,G03,03,PUE,vigente
B0117B0A-3496-51D6-A790-55B06001F54D,DZI910804SQ0,TIN091214KL3,2025-01-06,9670,1547.2,11217.2,Barra redonda 1018,G03,03,PPD,vigente
82B34384-9979-CF26-C8B1-90E1089A9F4F,DZI910804SQ0,TIN091214KL3,2025-01-06,5559.9,889.58,6449.48,Tubo estructural,G03,03,PUE,vigente
F5C9F459-9DB1-BD5E-91A4-D796B9720EEC,FNI920522YRY,TIN091214KL3,2025-01-06,67132.4,10741.18,77873.58,Sellos hidráulicos,G03,03,PUE,vigente
B169FDED-F972-3977-52C0-3F9BDF16EB70,TIN091214KL3,YCA050705OHS,2025-01-06,208797.38,33407.58,242204.96,Corte y doblez,G01,03,PPD,vigente
EE6081AC-2DD0-622E-266B-F2EAEB93F78C,WGM241113MRL,TIN091214KL3,2025-01-07,22307.8,3569.25,25877.05,Brocas HSS,G03,03,PPD,vigente
7C2257A0-C75F-F368-5F7D-DBB1480AFE9F,TIN091214KL3,TJB001222W10,2025-01-07,89301.8,14288.29,103590.09,Corte y doblez,G01,03,PPD,vigente
32440F07-0AE2-63E0-6E66-3C0AC1E0A4A1,TIN091214KL3,MAQ03062825L,2025-01-10,318889.23,51022.28,369911.51,Maquinado de piezas,G01,03,PPD,vigente
BAEB286B-F0D0-270F-D4D1-3D551DB6B844,UWP921026BTX,TIN091214KL3,2025-01-13,16152.4,2584.38,18736.78,Motor eléctrico 5HP,G03,03,PPD,vigente
528A34F3-63EA-C0A1-9202-B09C60B36938,TIN091214KL3,TVB051103QYM,2025-01-13,394875.32,63180.05,458055.37,Maquinado de piezas,G01,03,PPD,vigente
3A8C8ED5-A06A-A68A-9CAC-3D21A5A8C8AF,TIN091214KL3,IVN2105163NY,2025-01-13,372320.45,59571.27,431891.72,Maquinado de piezas,G01,03,PPD,vigente
67037089-C78C-D2C3-6374-ED1429B67B14,TIN091214KL3,YSD241219IB6,2025-01-13,346844.5,55495.12,402339.62,Soldadura industrial,G01,03,PPD,vigente
4B7A123E-338A-EA2D-3E1C-FA1495D16384,TIN091214KL3,LSC21020236H,2025-01-13,349526.72,55924.28,405451.0,Corte y doblez,G01,03,PPD,vigente
DD1CA267-530D-DDA6-C8D0-F9E5991965EA,LAI101206479,TIN091214KL3,2025-01-14,63159.9,10105.58,73265.48,Discos de corte,G03,03,PPD,vigente
4721194B-C8A4-AE21-D9F8-50E913AD3EAD,JPY870826UGV,TIN091214KL3,2025-01-14,96190,15390.4,111580.4,Placa de acero A36,G03,03,PPD,vigente
3DE54EE2-A655-596C-2528-D32DA60C2BED,TIN091214KL3,QSB920810FY7,2025-01-14,115322.61,18451.62,133774.23,Corte y doblez,G01,03,PPD,vigente
A151ED02-2F09-8F4D-A43F-683AA43101E4,TIN091214KL3,BNT021022VED,2025-01-15,314311.16,50289.79,364600.95,Corte y doblez,G01,03,PPD,vigente
4185300D-971D-F5FD-B389-50CE9FBC879E,DGN090812Y08,TIN091214KL3,2025-01-17,72007.8,11521.25,83529.05,Guantes de carnaza,G03,03,PUE,vigente
0C8D51D2-1673-AEFB-EB9E-54E054C3B22E,HTX0701065UO,TIN091214KL3,2025-01-17,80129.9,12820.78,92950.68,Flete foráneo,G03,03,PUE,vigente
F6A9E3E3-B62B-CCB1-4956-0C3685609E8A,DZI910804SQ0,TIN091214KL3,2025-01-20,11347.8,1815.65,13163.45,Barra redonda 1018,G03,03,PUE,vigente
D463C183-A231-7211-8578-B1C6F7EBC69A,DZI910804SQ0,TIN091214KL3,2025-01-21,14192.4,2270.78,16463.18,Lámina de acero cal. 14,G03,03,PPD,vigente
19E9E3A4-18DC-CEB6-84FC-FCB0F5E90352,FQZ88060892H,TIN091214KL3,2025-01-21,85692.4,13710.78,99403.18,Lámina de acero cal. 14,G03,03,PPD,vigente
489AC27E-6281-03F0-1D9F-FF257E63F654,TIN091214KL3,IHL120323PQ0,2025-01-21,69609.26,11137.48,80746.74,Corte y doblez,G01,03,PPD,vigente
2737F345-3886-29FF-B2A0-F778809D6444,BTN8908152SD,TIN091214KL3,2025-01-22,101749.9,16279.98,118029.88,Bandas industriales,G03,03,PPD,vigente
DFCF338C-DEC5-6DC3-AD96-8213F0A9B97F,YMF930303K2S,TIN091214KL3,2025-01-22,7740.5,1238.48,8978.98,Solvente industrial,G03,03,PUE,vigente
4818B004-B0A4-F557-3381-001FA3FF8FD2,FNI920522YRY,TIN091214KL3,2025-01-24,104179.9,16668.78,120848.68,Bandas industriales,G03,03,PPD,vigente
EBD14B0C-C7F4-F4F9-8222-1AD3ECA391D4,BGD030823RBW,TIN091214KL3,2025-01-27,140977.8,22556.45,163534.25,Barra redonda 1018,G03,03,PUE,vigente
83D0BAE7-7C2C-FBCF-0770-D18FC9160147,ZUX97062289Q,TIN091214KL3,2025-01-27,13560.5,2169.68,15730.18,Renta de nave industrial,G03,03,PUE,vigente
0E378B07-CC53-5C3E-52BB-530D486FAC8F,TIN091214KL3,YSD241219IB6,2025-01-27,328560.87,52569.74,381130.61,Maquinado de piezas,G01,03,PPD,vigente
1EDBBE71-DE2A-2DDF-EE24-9B726AA12ABD,FQZ88060892H,TIN091214KL3,2025-01-29,101452.4,16232.38,117684.78,Tubo estructural,G03,03,PUE,vigente
892FCA69-8E20-17E1-50C4-CB4BAD9E5C1E,FNI920522YRY,TIN091214KL3,2025-01-29,188312.4,30129.98,218442.38,Válvulas neumáticas,G03,03,PPD,vigente
4FE5C13B-A5E8-C198-3C10-316D3F63A065,TIN091214KL3,ZZR890918KKF,2025-01-29,278046.4,44487.42,322533.82,Maquinado de piezas,G01,03,PPD,vigente
1CEB08FE-F2DE-B798-B31A-25B55FECAA6E,TIN091214KL3,MNM040801DOQ,2025-01-29,216529.09,34644.65,251173.74,Soldadura industrial,G01,03,PPD,vigente
E88188C3-788F-06ED-3C1E-919BEE5A4007,TIN091214KL3,YCA050705OHS,2025-01-31,58760.54,9401.69,68162.23,Soldadura industrial,G01,03,PPD,vigente
13B11E59-C85C-D714-7BF6-95524CBC9044,FBY870108HAF,TIN091214KL3,2025-02-03,76102.4,12176.38,88278.78,Flete foráneo,G03,03,PUE,vigente
C4072654-7F5F-61AA-AEE7-C7A586296FBE,DGN090812Y08,TIN091214KL3,2025-02-03,79399.9,12703.98,92103.88,Guantes de carnaza,G03,03,PPD,vigente
2D8CC973-43C1-136C-D013-B7A3F4A29332,JPY870826UGV,TIN091214KL3,2025-02-03,112322.4,17971.58,130293.98,Lámina de acero cal. 14,G03,03,PPD,vigente
2A3DD769-8DAC-210D-5EB3-8EF5B24070CA,YMF930303K2S,TIN091214KL3,2025-02-03,4550.5,728.08,5278.58,Guantes de carnaza,G03,03,PUE,vigente
C8497436-18B4-75B1-C12A-34F402A13629,TIN091214KL3,MAQ03062825L,2025-02-03,148592.49,23774.8,172367.29,Maquinado de piezas,G01,03,PPD,vigente
8C37E264-D03C-D20A-BAAE-EBF89A244525,TIN091214KL3,BNT021022VED,2025-02-03,166668.28,26666.92,193335.2,Soldadura industrial,G01,03,PPD,vigente
8DA22A39-50DB-8E34-938F-2B906C087D6C,TIN091214KL3,LSC21020236H,2025-02-03,230191.17,36830.59,267021.76,Maquinado de piezas,G01,03,PPD,vigente
0AB74B5D-FCD4-9681-CA09-7B17951B2503,SZC9707063JK,TIN091214KL3,2025-02-03,10257.29,1641.17,11898.46,Discos de corte,G03,03,PUE,vigente
953B0F1F-EA3E-072A-8F22-1604D46B7756,CZT910806Y6B,TIN091214KL3,2025-02-05,50709.9,8113.58,58823.48,Brocas HSS,G03,03,PPD,vigente
C7A2EE6F-D166-EB08-B073-6DD1F443864C,CRH230311CX7,TIN091214KL3,2025-02-05,138740,22198.4,160938.4,Servicios de limpieza,G03,03,PPD,vigente
B5DEF807-4A96-5478-A72B-DDDD511EEEB8,LIP121209QK9,TIN091214KL3,2025-02-06,61302.4,9808.38,71110.78,Bandas industriales,G03,03,PPD,vigente
1CCEC1EF-16EF-ACDF-9375-EE61EC94503E,BTN8908152SD,TIN091214KL3,2025-02-06,92767.8,14842.85,107610.65,Sellos hidráulicos,G03,03,PPD,vigente
E8334DA5-DE95-D695-3579-C1437AB99428,IXC940413YZC,TIN091214KL3,2025-02-07,19999.9,3199.98,23199.88,Solvente industrial,G03,03,PUE,vigente
9B47E639-4D25-51EB-AF95-BE79C971BF51,WWH110626S3K,TIN091214KL3,2025-02-07,13609.9,2177.58,15787.48,Lámina de acero cal. 14,G03,03,PPD,vigente
3B3F3800-A175-A9C3-D7B1-02A92332A50E,IXC940413YZC,TIN091214KL3,2025-02-10,51700,8272.0,59972.0,Discos de corte,G03,03,PUE,vigente
EDC3A1C3-2DEA-2D2D-086C-405FA879D8F8,LAI101206479,TIN091214KL3,2025-02-10,162992.4,26078.78,189071.18,Solvente industrial,G03,03,PUE,vigente
7B94A34D-E4AA-786D-9D17-D218FC3B0DE5,OSD160228AKR,TIN091214KL3,2025-02-10,139900,22384.0,162284.0,Tubo estructural,G03,03,PPD,vigente
CCEA5031-844E-250B-E684-390C923B7820,HQP910421HXF,TIN091214KL3,2025-02-10,57160,9145.6,66305.6,Asesoría fiscal,G03,03,PUE,vigente
6A7BE8B1-E3F3-42A8-F030-BFD4BE54898E,FQZ88060892H,TIN091214KL3,2025-02-10,63320,10131.2,73451.2,Tubo estructural,G03,03,PUE,vigente
B3EDD6ED-B089-4DE4-E626-7164D3616B3A,FQZ88060892H,TIN091214KL3,2025-02-10,84817.8,13570.85,98388.65,Placa de acero A36,G03,03,PPD,vigente
B646E2B1-7800-E27A-9ACE-63CCD89C83F6,SJP030817VDZ,TIN091214KL3,2025-02-10,81837.8,13094.05,94931.85,Electrodos 6013,G03,03,PUE,vigente
BDDF2416-A173-1ED8-78F2-961C3EC77A8F,DFP890325WQU,TIN091214KL3,2025-02-10,17089.9,2734.38,19824.28,Renta de nave industrial,G03,03,PUE,vigente
4CC6D67E-CDDB-3F9E-8130-0E684D45D885,TIN091214KL3,QPC951019FXZ,2025-02-10,274553.25,43928.52,318481.77,Corte y doblez,G01,03,PPD,vigente
E32A8787-1824-6315-AD49-E0727F843004,TIN091214KL3,HYZ031207YRR,2025-02-10,128616.68,20578.67,149195.35,Soldadura industrial,G01,03,PPD,vigente
BCA83A82-7899-7035-7DDF-8484F0C44ECB,TIN091214KL3,BNT021022VED,2025-02-11,336351.2,53816.19,390167.39,Corte y doblez,G01,03,PPD,vigente
9620BEE6-6406-FACE-53A5-E8508950DDD6,WGM241113MRL,TIN091214KL3,2025-02-12,25119.9,4019.18,29139.08,Electrodos 6013,G03,03,PUE,vigente
E2AE3F87-EE7C-A782-A7A3-1D2515956C42,GTT9311046XL,TIN091214KL3,2025-02-12,8279.9,1324.78,9604.68,Consultoría de procesos,G03,03,PUE,vigente
51589375-7D8F-2350-31C7-7A4464F8F226,DGQ240803D6V,TIN091214KL3,2025-02-12,17347.8,2775.65,20123.45,Discos de corte,G03,03,PUE,vigente
E68C1348-1046-E3DF-DDFE-F8494C485CFC,TIN091214KL3,BBL150807MF5,2025-02-12,153005.72,24480.92,177486.64,Corte y doblez,G01,03,PPD,vigente
FA2C9E79-2758-4F1A-239E-5593EC11A44D,IHV020423VE4,TIN091214KL3,2025-02-12,250000,40000.0,290000.0,Consultoría estratégica,G03,03,PPD,vigente
97867B12-1328-1726-64F4-34D6D1E91691,PMN121218LZJ,TIN091214KL3,2025-02-13,145669.9,23307.18,168977.08,Placa de acero A36,G03,03,PPD,vigente
9ABBE46B-B205-1CEC-C9F7-369FE4C1D210,DFP890325WQU,TIN091214KL3,2025-02-13,8917.8,1426.85,10344.65,Servicio de energía,G03,03,PUE,vigente
B3099E0D-B0AC-0677-D60F-8680A124FDB2,ILK110504O8G,TIN091214KL3,2025-02-14,119650.5,19144.08,138794.58,Barra redonda 1018,G03,03,PPD,vigente
D0E34B2B-1CA6-4C33-30D8-67CD038D5F5A,TIN091214KL3,QSB920810FY7,2025-02-14,85032.22,13605.16,98637.38,Maquinado de piezas,G01,03,PPD,vigente
21EBFAA9-1A2B-D69C-450F-69EEC2E79A98,LAI101206479,TIN091214KL3,2025-02-17,48882.4,7821.18,56703.58,Guantes de carnaza,G03,03,PPD,vigente
503BA8C3-CE83-0E27-C5EF-D6701F4D88CE,TIN091214KL3,MNM040801DOQ,2025-02-17,125707.67,20113.23,145820.9,Soldadura industrial,G01,03,PPD,vigente
4E39F65A-20DB-4294-DFAE-180393D797E7,IHV020423VE4,TIN091214KL3,2025-02-17,150000,24000.0,174000.0,Consultoría estratégica,G03,03,PPD,vigente
62874624-A433-1510-AD21-B4CCA9E8F0D8,BGD030823RBW,TIN091214KL3,2025-02-18,120720.5,19315.28,140035.78,Perfil PTR 2x2,G03,03,PUE,vigente
70F81DBA-2871-9B9B-DB8F-0E32EDEF5003,WGM241113MRL,TIN091214KL3,2025-02-20,38337.8,6134.05,44471.85,Discos de corte,G03,03,PPD,vigente
6DEC6BBD-F697-77A1-59FE-3D53624FEA4B,WGM241113MRL,TIN091214KL3,2025-02-21,17880,2860.8,20740.8,Solvente industrial,G03,03,PUE,vigente
D4A5A81E-6B38-2A0A-231D-260BB362CD55,ZLV900812OLD,TIN091214KL3,2025-02-21,159312.4,25489.98,184802.38,Solvente industrial,G03,03,PUE,vigente
80B57013-7F29-C9E7-5601-F6A534B6685D,TIN091214KL3,TVB051103QYM,2025-02-21,288711.03,46193.76,334904.79,Soldadura industrial,G01,03,PPD,vigente
C0CEF31B-D038-E153-C601-818B61FA01BA,WGM241113MRL,TIN091214KL3,2025-02-24,16342.4,2614.78,18957.18,Brocas HSS,G03,03,PUE,vigente
F91E5FCD-85EC-E729-D4DD-1B56435391B2,ZLV900812OLD,TIN091214KL3,2025-02-24,131719.9,21075.18,152795.08,Electrodos 6013,G03,03,PPD,vigente
C00C200C-4458-B006-332C-CE0A0E7DA698,BGD030823RBW,TIN091214KL3,2025-02-24,52250.5,8360.08,60610.58,Lámina de acero cal. 14,G03,03,PPD,vigente
17172654-3B99-7815-0219-A9C7BA23B07A,ZWS100912DOJ,TIN091214KL3,2025-02-24,23850.5,3816.08,27666.58,Servicios de limpieza,G03,03,PPD,vigente
701FB3EA-A1FE-9BC6-E29D-650A15B98C20,CRH230311CX7,TIN091214KL3,2025-02-24,153952.4,24632.38,178584.78,Servicios de limpieza,G03,03,PUE,vigente
1090DC9D-2B31-71DC-FA54-9893E476231A,TIN091214KL3,IHL120323PQ0,2025-02-24,306915.58,49106.49,356022.07,Soldadura industrial,G01,03,PPD,vigente
688B4CFB-7081-75FD-4648-BBE8F84CE7A9,TIN091214KL3,MNM040801DOQ,2025-02-24,103055.53,16488.88,119544.41,Soldadura industrial,G01,03,PPD,vigente
A92DCF4F-76F3-BA50-1830-208269BBA3C4,TIN091214KL3,QSB920810FY7,2025-02-25,223834.57,35813.53,259648.1,Soldadura industrial,G01,03,PPD,vigente
6545C030-A981-FA54-F121-E129B45C9A54,OSD160228AKR,TIN091214KL3,2025-02-26,190222.4,30435.58,220657.98,Lámina de acero cal. 14,G03,03,PPD,vigente
2CE6F908-CECE-A5D3-5EA9-09EF7257DCB6,JPY870826UGV,TIN091214KL3,2025-02-27,149539.9,23926.38,173466.28,Placa de acero A36,G03,03,PUE,vigente
05CF079E-A095-2C4D-F3BD-2348854BC8FA,LJA880717NNC,TIN091214KL3,2025-02-27,41317.8,6610.85,47928.65,Bandas industriales,G03,03,PUE,vigente
859F02BB-1EE2-6F39-EED4-DB8980104995,TIN091214KL3,MNM040801DOQ,2025-02-27,245550.42,39288.07,284838.49,Soldadura industrial,G01,03,PPD,vigente
302B0401-EFED-098B-979A-7368BD96BB0A,LPK240212P77,TIN091214KL3,2025-02-27,5247.95,839.67,6087.62,Flete local — carta porte anexa,G03,03,PPD,vigente
C28FA16B-0AA6-FCB9-C1BC-BE59D296A12D,UWP921026BTX,TIN091214KL3,2025-02-28,11729.9,1876.78,13606.68,Sellos hidráulicos,G03,03,PUE,vigente
C53F1DB3-D275-BD43-8451-7303E94D4FBE,WWH110626S3K,TIN091214KL3,2025-02-28,14199.9,2271.98,16471.88,Tubo estructural,G03,03,PPD,vigente
59AE7302-8AE3-297E-34E2-41421A354475,ILK110504O8G,TIN091214KL3,2025-02-28,50659.9,8105.58,58765.48,Barra redonda 1018,G03,03,PPD,vigente
0991946D-537C-64B0-89D5-AF23050BD848,TIN091214KL3,TVB051103QYM,2025-02-28,161533.93,25845.43,187379.36,Corte y doblez,G01,03,PPD,vigente
6589ADA1-345A-F934-B42A-2D939ABA0F15,IXC940413YZC,TIN091214KL3,2025-03-03,43407.8,6945.25,50353.05,Electrodos 6013,G03,03,PPD,vigente
DAAF7529-DEEF-F82A-0DD7-015869C165AE,ZLV900812OLD,TIN091214KL3,2025-03-03,193777.8,31004.45,224782.25,Solvente industrial,G03,03,PUE,vigente
B5CAA993-AACA-D101-F153-0F689215583A,BGD030823RBW,TIN091214KL3,2025-03-03,175909.9,28145.58,204055.48,Perfil PTR 2x2,G03,03,PPD,vigente
35F3DE4A-AC92-04B4-0306-A2580227B8D5,LIP121209QK9,TIN091214KL3,2025-03-03,165347.8,26455.65,191803.45,Sellos hidráulicos,G03,03,PUE,vigente
0BCFD0FC-E3A1-AF97-7785-2DDB55527A3C,ILK110504O8G,TIN091214KL3,2025-03-03,48690,7790.4,56480.4,Barra redonda 1018,G03,03,PPD,vigente
A5DD2836-E65F-A9FA-C38C-2EAFA8097A77,JPY870826UGV,TIN091214KL3,2025-03-03,62609.9,10017.58,72627.48,Placa de acero A36,G03,03,PUE,vigente
DF266424-7FCC-4456-20BC-2FA0FA801062,TIN091214KL3,YCA050705OHS,2025-03-03,152777.06,24444.33,177221.39,Soldadura industrial,G01,03,PPD,vigente
71FCF2E6-B3DD-7820-BD20-C36A270524CB,TIN091214KL3,LSC21020236H,2025-03-03,99797.98,15967.68,115765.66,Corte y doblez,G01,03,PPD,vigente
89D716EF-A62D-7221-A65D-958E936DD1A8,LIP121209QK9,TIN091214KL3,2025-03-04,107079.9,17132.78,124212.68,Bandas industriales,G03,03,PPD,vigente
2CAF3D2F-F026-A418-3D3F-BBEC697AE294,YMF930303K2S,TIN091214KL3,2025-03-06,5522.4,883.58,6405.98,Solvente industrial,G03,03,PUE,vigente
2B015723-0CF6-97A5-7603-C36CF1394E3C,PMN121218LZJ,TIN091214KL3,2025-03-07,63462.4,10153.98,73616.38,Lámina de acero cal. 14,G03,03,PPD,vigente
16DC5A6E-A789-0770-55EC-024AE64B9B37,ZLV900812OLD,TIN091214KL3,2025-03-07,172569.9,27611.18,200181.08,Electrodos 6013,G03,03,PUE,vigente
F168C605-CE1A-1669-9BBC-6CBC409CA8F2,DBU231227UKE,TIN091214KL3,2025-03-10,39289.9,6286.38,45576.28,Rodamientos SKF,G03,03,PPD,vigente
3B1D0181-9CC3-C1F5-9129-BC759B08E5A8,SJP030817VDZ,TIN091214KL3,2025-03-10,39619.9,6339.18,45959.08,Solvente industrial,G03,03,PUE,vigente
833D3DF1-5E11-A680-D501-6ADA189AC35D,TIN091214KL3,ONS8703145G7,2025-03-10,169255.93,27080.95,196336.88,Fabricación de estructura,G01,03,PPD,vigente
D28FCF68-C871-D7B3-8468-B74D85E3ADE5,WGM241113MRL,TIN091214KL3,2025-03-12,41460.5,6633.68,48094.18,Guantes de carnaza,G03,03,PUE,vigente
ECE9504B-03D7-F962-F804-43EEC3B8D179,SJP030817VDZ,TIN091214KL3,2025-03-12,37760.5,6041.68,43802.18,Discos de corte,G03,03,PUE,vigente
2F8D8DED-6C4C-450B-623A-D0FC93267D25,UWP921026BTX,TIN091214KL3,2025-03-14,16767.8,2682.85,19450.65,Válvulas neumáticas,G03,03,PUE,vigente
A616DDE4-B388-300A-3E20-718A0BB9A8F6,YMF930303K2S,TIN091214KL3,2025-03-14,8680,1388.8,10068.8,Guantes de carnaza,G03,03,PUE,vigente
87AD8B26-8EAA-5841-6AA0-426DF7C0D5F7,IXC940413YZC,TIN091214KL3,2025-03-17,45840,7334.4,53174.4,Solvente industrial,G03,03,PUE,vigente
EF0B743E-BEE0-4762-7168-BDEC4DA838B7,SJP030817VDZ,TIN091214KL3,2025-03-17,85082.4,13613.18,98695.58,Guantes de carnaza,G03,03,PPD,vigente
584CB0F7-48DE-D8BE-031E-EF965F71DCC4,DGQ240803D6V,TIN091214KL3,2025-03-17,21077.8,3372.45,24450.25,Brocas HSS,G03,03,PPD,vigente
946A95A6-F2E4-01AF-4702-1755F11CC0A4,TIN091214KL3,MAQ03062825L,2025-03-17,344510.15,55121.62,399631.77,Soldadura industrial,G01,03,PPD,vigente
B2AC4768-F122-4F43-C527-4F356DC56044,IHV020423VE4,TIN091214KL3,2025-03-17,150000,24000.0,174000.0,Consultoría estratégica,G03,03,PPD,vigente
AE46024D-51D0-5EF3-A918-83FC6772FE9F,ZLV900812OLD,TIN091214KL3,2025-03-18,134910.5,21585.68,156496.18,Discos de corte,G03,03,PUE,vigente
F5EA4128-854D-C3BF-61D8-5365BADA0C94,BTN8908152SD,TIN091214KL3,2025-03-19,105457.8,16873.25,122331.05,Bandas industriales,G03,03,PUE,vigente
F09E0302-B525-A4D9-83F0-23FD00F2BAA4,CRH230311CX7,TIN091214KL3,2025-03-19,165647.8,26503.65,192151.45,Asesoría fiscal,G03,03,PPD,vigente
8EF00DE1-FB4F-1972-5115-D7EE3B90908E,DGN090812Y08,TIN091214KL3,2025-03-20,82910,13265.6,96175.6,Electrodos 6013,G03,03,PPD,vigente
A8D791B6-B52C-4358-D4A8-B45A75D1D776,TIN091214KL3,YSD241219IB6,2025-03-20,50394.82,8063.17,58457.99,Corte y doblez,G01,03,PPD,vigente
BFEEB533-ACF5-9149-B1C9-D0DCA38CC35F,EOK870428F5T,TIN091214KL3,2025-03-21,48000,7680.0,55680.0,Servicios de gestión y enlace comercial,G03,03,PPD,vigente
F7FF88D4-B509-F08A-2C98-8BCA51397C06,OSD160228AKR,TIN091214KL3,2025-03-24,171077.8,27372.45,198450.25,Perfil PTR 2x2,G03,03,PPD,vigente
27A158A0-EFFF-A2F4-B5AE-329D77617D80,BGD030823RBW,TIN091214KL3,2025-03-24,146122.4,23379.58,169501.98,Lámina de acero cal. 14,G03,03,PPD,vigente
1D03C3D5-B862-ACC3-5489-9C37CFA9026B,DZI910804SQ0,TIN091214KL3,2025-03-24,7260,1161.6,8421.6,Placa de acero A36,G03,03,PPD,vigente
97A418B8-92D0-0319-20BD-14220B0B81DE,DZI910804SQ0,TIN091214KL3,2025-03-24,10487.8,1678.05,12165.85,Lámina de acero cal. 14,G03,03,PUE,vigente
3DE814AC-9CEA-B67B-BA82-854AC7E2A618,TIN091214KL3,MAQ03062825L,2025-03-24,347849.71,55655.95,403505.66,Maquinado de piezas,G01,03,PPD,vigente
CDB4ADAB-CA27-CD69-4226-4BA40775D778,TIN091214KL3,BBL150807MF5,2025-03-24,138176.31,22108.21,160284.52,Soldadura industrial,G01,03,PPD,vigente
D4A39A51-C481-EA69-F83B-F029B6AC2048,TIN091214KL3,BNT021022VED,2025-03-24,129857.28,20777.16,150634.44,Fabricación de estructura,G01,03,PPD,vigente
EAC97D37-B587-8D33-1D5B-D8B04027B283,EOK870428F5T,TIN091214KL3,2025-03-24,48000,7680.0,55680.0,Servicios de gestión y enlace comercial,G03,03,PPD,vigente
44E2A94B-34EC-5264-AD7D-6F8139A0F145,DBU231227UKE,TIN091214KL3,2025-03-25,47860.5,7657.68,55518.18,Bandas industriales,G03,03,PUE,vigente
D4E20134-389A-E4FD-80DD-B3862790E92F,TIN091214KL3,TJB001222W10,2025-03-25,76870.43,12299.27,89169.7,Fabricación de estructura,G01,03,PPD,vigente
1EE93260-3002-D831-3227-E8D89C60C81B,BGD030823RBW,TIN091214KL3,2025-03-26,130767.8,20922.85,151690.65,Lámina de acero cal. 14,G03,03,PPD,vigente
A33B3DFD-9048-65C6-F820-5AA7996F7E88,DZI910804SQ0,TIN091214KL3,2025-03-27,6090.5,974.48,7064.98,Barra redonda 1018,G03,03,PPD,vigente
8C662766-7922-B440-E0F1-E44CEFD1B588,GTT9311046XL,TIN091214KL3,2025-03-27,14340,2294.4,16634.4,Servicio de mantenimiento,G03,03,PPD,vigente
2F1DC121-7D02-4C6D-8BEA-75C1B86677AA,IXC940413YZC,TIN091214KL3,2025-03-28,42792.4,6846.78,49639.18,Electrodos 6013,G03,03,PUE,vigente
A9A2E9CD-7B6F-65DF-1D9D-1D80F47E3CA0,LPK240212P77,TIN091214KL3,2025-03-28,16549.72,2647.96,19197.68,Flete local — carta porte anexa,G03,03,PUE,vigente
9770A3DB-E9FA-97E2-5BD9-3609B297A782,OSD160228AKR,TIN091214KL3,2025-03-31,77679.9,12428.78,90108.68,Tubo estructural,G03,03,PPD,vigente
66D71D97-B193-C8B8-AE49-C0799BD0D4C7,HQP910421HXF,TIN091214KL3,2025-03-31,47130.5,7540.88,54671.38,Asesoría fiscal,G03,03,PPD,vigente
1DABB10A-BD10-F87C-6D0E-0597500D92A7,ZLV900812OLD,TIN091214KL3,2025-03-31,194872.4,31179.58,226051.98,Brocas HSS,G03,03,PUE,vigente
4A1A4219-61BB-A5FB-D510-8BC02F9E1DDB,DGQ240803D6V,TIN091214KL3,2025-03-31,17769.9,2843.18,20613.08,Electrodos 6013,G03,03,PUE,vigente
7C602399-B8F4-0E5E-F6BA-BCCC0ACFBD89,TIN091214KL3,BBL150807MF5,2025-04-01,271945.78,43511.32,315457.1,Maquinado de piezas,G01,03,PPD,vigente
FE8C9AAB-7E38-8A19-46F7-B20AC3C49506,DGQ240803D6V,TIN091214KL3,2025-04-02,16330.5,2612.88,18943.38,Discos de corte,G03,03,PPD,vigente
1AEC8B70-AC0E-7307-7DDC-AAF6AC95ADB1,TIN091214KL3,IHL120323PQ0,2025-04-02,44602.9,7136.46,51739.36,Corte y doblez,G01,03,PPD,vigente
7702BEBA-0623-FFBF-1E42-D2B800679B62,FNI920522YRY,TIN091214KL3,2025-04-03,196460.5,31433.68,227894.18,Sellos hidráulicos,G03,03,PUE,vigente
DCDA8CC1-8427-4378-B40D-8AEFA0BA6142,TIN091214KL3,QPC951019FXZ,2025-04-03,357122.76,57139.64,414262.4,Fabricación de estructura,G01,03,PPD,vigente
7796048F-B4B9-FB73-29DE-BCCC429E09BD,TIN091214KL3,HYZ031207YRR,2025-04-04,52910.41,8465.67,61376.08,Corte y doblez,G01,03,PPD,vigente
E07309DE-6A8F-7654-1552-87C70B961346,TIN091214KL3,QSB920810FY7,2025-04-04,343447.54,54951.61,398399.15,Soldadura industrial,G01,03,PPD,vigente
68A69E71-DF22-3246-E6FB-61D3FBA26C21,SZC9707063JK,TIN091214KL3,2025-04-04,18946.86,3031.5,21978.36,Electrodos 6013,G03,03,PUE,vigente
3283DAA4-E212-AB7C-9D36-1CB6BCC57BE0,UWP921026BTX,TIN091214KL3,2025-04-07,9947.8,1591.65,11539.45,Motor eléctrico 5HP,G03,03,PPD,vigente
171B1B80-09B7-FDF7-7D8D-3DDD2CF149CB,OSD160228AKR,TIN091214KL3,2025-04-07,188607.8,30177.25,218785.05,Barra redonda 1018,G03,03,PUE,vigente
8A34B26B-72CC-3FC5-5F77-5A7A25DFAC07,DGQ240803D6V,TIN091214KL3,2025-04-07,10310,1649.6,11959.6,Brocas HSS,G03,03,PPD,vigente
9AA33580-FB70-8DD7-BF3D-5023140642A8,TIN091214KL3,QSB920810FY7,2025-04-07,115984.61,18557.54,134542.15,Soldadura industrial,G01,03,PPD,vigente
23E7CD20-700E-A842-F334-685DB6AD478C,EOK870428F5T,TIN091214KL3,2025-04-07,64000,10240.0,74240.0,Servicios de gestión y enlace comercial,G03,03,PUE,vigente
1C3892E8-F2CF-CD63-80AB-4B7F2E968660,SZC9707063JK,TIN091214KL3,2025-04-07,17264.76,2762.36,20027.12,Electrodos 6013,G03,03,PUE,vigente
7957595F-25EE-2F0F-76A3-0EB0C50C71F4,TIN091214KL3,LSC21020236H,2025-04-08,70993.68,11358.99,82352.67,Corte y doblez,G01,03,PPD,vigente
BDCF6FD4-88DF-12C1-1FC8-628D4B4D1079,EOK870428F5T,TIN091214KL3,2025-04-09,64000,10240.0,74240.0,Servicios de gestión y enlace comercial,G03,03,PUE,vigente
AE61716A-1FB6-21AE-EC4E-8CBBA2AA378C,DBU231227UKE,TIN091214KL3,2025-04-14,23547.8,3767.65,27315.45,Válvulas neumáticas,G03,03,PPD,vigente
21BD55EB-915A-A3C0-7737-CFB5C3B1927B,ILK110504O8G,TIN091214KL3,2025-04-14,167869.9,26859.18,194729.08,Lámina de acero cal. 14,G03,03,PPD,vigente
8BBF1B30-9372-92E6-AF20-6A9DF9D18507,YMF930303K2S,TIN091214KL3,2025-04-14,8007.8,1281.25,9289.05,Brocas HSS,G03,03,PUE,vigente
DA05D2FC-1C71-A821-22F1-C32B47D5AC92,LJA880717NNC,TIN091214KL3,2025-04-14,26110,4177.6,30287.6,Válvulas neumáticas,G03,03,PPD,vigente
42FC7EDF-813A-3AA5-7D81-0C217F764FCE,TIN091214KL3,DLJ130219ENL,2025-04-14,145682.66,23309.23,168991.89,Soldadura industrial,G01,03,PPD,vigente
66AA394C-0CBE-938D-2B33-9734DA119684,TIN091214KL3,IVN2105163NY,2025-04-14,134241.94,21478.71,155720.65,Corte y doblez,G01,03,PPD,vigente
7521AA18-DDE4-F5C1-532C-5C01B017C533,SJP030817VDZ,TIN091214KL3,2025-04-15,29597.8,4735.65,34333.45,Solvente industrial,G03,03,PPD,vigente
BFFBD93B-2B15-619E-D5BF-85F32E3F674C,TIN091214KL3,HYZ031207YRR,2025-04-15,352542.32,56406.77,408949.09,Soldadura industrial,G01,03,PPD,vigente
DF495037-B40A-9181-AC09-BDB799086E47,YNB000215EQT,TIN091214KL3,2025-04-16,7509.9,1201.58,8711.48,Lámina de acero cal. 14,G03,03,PUE,vigente
73D39457-B25F-13DF-B8D4-9848702BA49F,UWP921026BTX,TIN091214KL3,2025-04-16,16952.4,2712.38,19664.78,Motor eléctrico 5HP,G03,03,PPD,vigente
59FE1C45-ABAC-7BF8-2F4D-DC9B3334CD07,TIN091214KL3,MAQ03062825L,2025-04-16,251537.1,40245.94,291783.04,Maquinado de piezas,G01,03,PPD,vigente
C190B0CF-9736-BB4F-F5C8-CE3CEEE31D47,DGQ240803D6V,TIN091214KL3,2025-04-17,12469.9,1995.18,14465.08,Brocas HSS,G03,03,PUE,vigente
C37944C1-C903-94EA-7D54-EC82288F3435,ZLV900812OLD,TIN091214KL3,2025-04-18,175880.5,28140.88,204021.38,Solvente industrial,G03,03,PPD,vigente
A104BDCE-FAB6-AD91-BACF-7CFC92451CC4,FNI920522YRY,TIN091214KL3,2025-04-18,164999.9,26399.98,191399.88,Rodamientos SKF,G03,03,PPD,vigente
70ECF41B-C5D5-6016-51B3-CCF588433A38,ILK110504O8G,TIN091214KL3,2025-04-18,101910.5,16305.68,118216.18,Tubo estructural,G03,03,PPD,vigente
2FDC9992-8971-8EEA-DF3A-098ACCAC2FB5,UWP921026BTX,TIN091214KL3,2025-04-21,10320,1651.2,11971.2,Válvulas neumáticas,G03,03,PUE,vigente
5C6801D6-4280-3AA0-55AC-0D06BE9DA951,LIP121209QK9,TIN091214KL3,2025-04-21,184757.8,29561.25,214319.05,Rodamientos SKF,G03,03,PPD,vigente
92D2408E-FF08-C739-4C1D-2E430C2B03E4,TIN091214KL3,TVB051103QYM,2025-04-21,143448.0,22951.68,166399.68,Corte y doblez,G01,03,PPD,vigente
30AED12D-E8F1-0194-EE25-356AAEE01EC9,LIP121209QK9,TIN091214KL3,2025-04-22,198262.4,31721.98,229984.38,Bandas industriales,G03,03,PUE,vigente
751303B9-C7DE-96EA-2B0F-BE4449E64C22,UWP921026BTX,TIN091214KL3,2025-04-23,12142.4,1942.78,14085.18,Bandas industriales,G03,03,PPD,vigente
F08D312E-7A73-2F35-6C55-40F0CC9CF41C,LIP121209QK9,TIN091214KL3,2025-04-24,174030.5,27844.88,201875.38,Rodamientos SKF,G03,03,PPD,vigente
D284B528-B091-6FB7-F17F-3F92D26AA790,FQZ88060892H,TIN091214KL3,2025-04-24,42062.4,6729.98,48792.38,Lámina de acero cal. 14,G03,03,PUE,vigente
D03BCBFC-DCA7-E284-F230-7C2230C7809B,TIN091214KL3,YCA050705OHS,2025-04-25,296882.94,47501.27,344384.21,Soldadura industrial,G01,03,PPD,vigente
108E04AC-99C6-207F-EC81-4510C42EAFC8,LPK240212P77,TIN091214KL3,2025-04-25,17044.92,2727.19,19772.11,Flete local — carta porte anexa,G03,03,PPD,vigente
56A3DCCC-C93C-9CC6-668B-28DA8222CD7F,DZI910804SQ0,TIN091214KL3,2025-04-28,8200.5,1312.08,9512.58,Lámina de acero cal. 14,G03,03,PUE,vigente
27DD1AC4-4282-B6E4-6986-305A5DA3F9CF,GTT9311046XL,TIN091214KL3,2025-04-28,22937.8,3670.05,26607.85,Capacitación,G03,03,PUE,vigente
12D2D7E6-387D-5ADD-E430-81AA6022E3FF,ZUX97062289Q,TIN091214KL3,2025-04-28,4337.8,694.05,5031.85,Renta de nave industrial,G03,03,PPD,vigente
BA3696CC-7CCD-1AC6-DB55-DAF52DD4450C,DGQ240803D6V,TIN091214KL3,2025-04-28,1570.45,251.27,1821.72,Discos de corte,G03,01,PUE,vigente
8F807D8B-E1D5-5F85-6967-858630463008,ZWS100912DOJ,TIN091214KL3,2025-04-29,45559.9,7289.58,52849.48,Capacitación,G03,03,PUE,vigente
BCE05A63-197F-9B8D-079B-F5E62275B1E2,TIN091214KL3,DLJ130219ENL,2025-04-29,266213.57,42594.17,308807.74,Maquinado de piezas,G01,03,PPD,vigente
56D2BB12-AF5A-7636-E8B8-D2529670CD19,TIN091214KL3,LSC21020236H,2025-04-29,222748.94,35639.83,258388.77,Corte y doblez,G01,03,PPD,vigente
1CC464ED-15F7-EF61-DA4E-C04CBA7E1B86,BTN8908152SD,TIN091214KL3,2025-04-30,81562.4,13049.98,94612.38,Bandas industriales,G03,03,PUE,vigente
72730E7B-7F9A-D277-DB49-6E6D1688782F,BGD030823RBW,TIN091214KL3,2025-05-01,61277.8,9804.45,71082.25,Barra redonda 1018,G03,03,PPD,vigente
2648C819-BD11-16EE-F58A-B7C7CCCF4130,LIP121209QK9,TIN091214KL3,2025-05-01,141337.8,22614.05,163951.85,Bandas industriales,G03,03,PUE,vigente
1EA15B0F-95AE-B18B-46AE-7E06CB5D2B59,DGN090812Y08,TIN091214KL3,2025-05-01,77172.4,12347.58,89519.98,Discos de corte,G03,03,PUE,vigente
EBD8A3B1-0B3D-0C36-17D0-981047A2A10B,PMN121218LZJ,TIN091214KL3,2025-05-02,118530,18964.8,137494.8,Placa de acero A36,G03,03,PPD,vigente
0DF407B8-2751-AB86-7DAE-C949D700B461,OSD160228AKR,TIN091214KL3,2025-05-02,64147.8,10263.65,74411.45,Barra redonda 1018,G03,03,PPD,vigente
567E642E-052D-FB9A-5F58-4603E5A3D8E9,HQP910421HXF,TIN091214KL3,2025-05-02,28177.8,4508.45,32686.25,Capacitación,G03,03,PPD,vigente
5DF1BF6F-938B-D3F8-8BD1-8D4BED3353FC,DFP890325WQU,TIN091214KL3,2025-05-02,20962.4,3353.98,24316.38,Servicio de energía,G03,03,PPD,vigente
F5F3943A-E8E7-F030-0203-83406372D635,TIN091214KL3,MNM040801DOQ,2025-05-02,348752.97,55800.48,404553.45,Corte y doblez,G01,03,PPD,vigente
44D7DF9A-238B-05B7-2B64-777C6177A771,FBY870108HAF,TIN091214KL3,2025-05-05,144090.5,23054.48,167144.98,Maniobras de carga,G03,03,PPD,vigente
0E165B12-9BDC-70D1-9CBF-7B8C74102D5D,WGM241113MRL,TIN091214KL3,2025-05-05,14430,2308.8,16738.8,Guantes de carnaza,G03,03,PUE,vigente
AB6EF8DD-5A66-9316-6641-4954C798A445,CZT910806Y6B,TIN091214KL3,2025-05-05,39510.5,6321.68,45832.18,Discos de corte,G03,03,PUE,vigente
CC0B200D-3EDE-C38E-0717-9EF331216863,TIN091214KL3,BBL150807MF5,2025-05-05,80881.09,12940.97,93822.06,Soldadura industrial,G01,03,PPD,vigente
3332432B-3D10-FA95-E8A4-42385FE8B710,EOK870428F5T,TIN091214KL3,2025-05-05,64000,10240.0,74240.0,Servicios de gestión y enlace comercial,G03,03,PPD,vigente
214C87B1-0CFC-6420-7192-E4438A6342CA,ILK110504O8G,TIN091214KL3,2025-05-06,76782.4,12285.18,89067.58,Barra redonda 1018,G03,03,PUE,vigente
A247541D-C8AD-0899-B630-794D6147ADEB,LAI101206479,TIN091214KL3,2025-05-07,167800,26848.0,194648.0,Brocas HSS,G03,03,PPD,vigente
D1F16485-429A-4A7C-4C80-D33AAD5BE3C8,PMN121218LZJ,TIN091214KL3,2025-05-08,210727.8,33716.45,244444.25,Barra redonda 1018,G03,03,PPD,vigente
96B31F4A-80DA-A8CA-6230-5D271A4B1606,ZLV900812OLD,TIN091214KL3,2025-05-08,86022.4,13763.58,99785.98,Brocas HSS,G03,03,PUE,vigente
0038DC84-A3ED-033A-A722-2EA2261B5048,CRH230311CX7,TIN091214KL3,2025-05-09,178580,28572.8,207152.8,Servicios de limpieza,G03,03,PPD,vigente
B34C6C73-5833-0B30-6C77-6E950B981CCD,MXU951103KXW,TIN091214KL3,2025-05-12,92580.5,14812.88,107393.38,Solvente industrial,G03,03,PUE,vigente
9BA4D5A6-0178-DE26-CEB5-57AC8B22E445,HTX0701065UO,TIN091214KL3,2025-05-12,25067.8,4010.85,29078.65,Flete foráneo,G03,03,PUE,vigente
650AD9AA-FA3F-012E-4D71-1F28618521AB,TIN091214KL3,YCA050705OHS,2025-05-12,221635.12,35461.62,257096.74,Soldadura industrial,G01,03,PPD,vigente
1D2AE042-042A-2F64-80E1-BE4DC4C608EB,TIN091214KL3,QSB920810FY7,2025-05-12,250804.44,40128.71,290933.15,Corte y doblez,G01,03,PPD,vigente
1F835B8D-ABAC-8660-E5C3-45FCF395C213,LPK240212P77,TIN091214KL3,2025-05-12,13323.06,2131.69,15454.75,Flete local — carta porte anexa,G03,03,PPD,vigente
721E8B1F-3895-8939-9342-A09FB00AC64C,UWP921026BTX,TIN091214KL3,2025-05-13,10759.9,1721.58,12481.48,Válvulas neumáticas,G03,03,PPD,vigente
FEA82E3A-B544-01CB-9541-0A9D090AAA93,ZLV900812OLD,TIN091214KL3,2025-05-13,200397.8,32063.65,232461.45,Guantes de carnaza,G03,03,PPD,vigente
57D52B78-9CF3-137E-F562-037B78AA16EA,LIP121209QK9,TIN091214KL3,2025-05-13,79452.4,12712.38,92164.78,Bandas industriales,G03,03,PPD,vigente
D17AD9BD-B1BA-0BEA-F969-057979DDCDD4,TIN091214KL3,TJB001222W10,2025-05-13,266078.58,42572.57,308651.15,Maquinado de piezas,G01,03,PPD,vigente
5A66219E-25F9-8046-0C1D-180ED8739636,DGQ240803D6V,TIN091214KL3,2025-05-14,10772.4,1723.58,12495.98,Brocas HSS,G03,03,PUE,vigente
F27E8CE7-2B8D-2C49-5E30-03E1F541A44E,TIN091214KL3,IVN2105163NY,2025-05-14,93730.43,14996.87,108727.3,Maquinado de piezas,G01,03,PPD,vigente
8044BEB2-B66E-DBF4-A0EA-0251495743A2,WGM241113MRL,TIN091214KL3,2025-05-15,21060,3369.6,24429.6,Guantes de carnaza,G03,03,PPD,vigente
BBD0FE6C-6108-FFCC-8186-722BA355AD05,DGN090812Y08,TIN091214KL3,2025-05-15,69527.8,11124.45,80652.25,Discos de corte,G03,03,PPD,vigente
5EA0942C-3F91-C419-E846-A9DF73733554,TIN091214KL3,YCA050705OHS,2025-05-15,124774.83,19963.97,144738.8,Corte y doblez,G01,03,PPD,vigente
663463E9-D317-D8C9-1060-573A721B7707,COL040206DTB,TIN091214KL3,2025-05-15,85000,13600.0,98600.0,Consultoría estratégica,G03,03,PPD,vigente
B266986C-B467-88BD-D38E-13E44DE1087B,PMN121218LZJ,TIN091214KL3,2025-05-16,191220,30595.2,221815.2,Placa de acero A36,G03,03,PUE,vigente
1B4FFD5F-C768-8339-27EF-53575B249C2A,LIP121209QK9,TIN091214KL3,2025-05-16,82740.5,13238.48,95978.98,Bandas industriales,G03,03,PPD,vigente
861B4F5B-45A0-8539-6DE8-370ACE9E9EBD,WGM241113MRL,TIN091214KL3,2025-05-19,42780,6844.8,49624.8,Discos de corte,G03,03,PUE,vigente
E54C8739-3133-839E-2E7D-952B785B8A07,ZWS100912DOJ,TIN091214KL3,2025-05-19,44580,7132.8,51712.8,Asesoría fiscal,G03,03,PUE,vigente
C5ED3982-760B-3673-6422-A73E958C9CFD,JPY870826UGV,TIN091214KL3,2025-05-19,92870,14859.2,107729.2,Tubo estructural,G03,03,PUE,vigente
8D783178-C935-A278-9645-DEC1840D214B,IHV020423VE4,TIN091214KL3,2025-05-19,200000,32000.0,232000.0,Consultoría estratégica,G03,03,PPD,vigente
601BFBCB-F0EE-BCCE-8D93-E14A5B167158,LAI101206479,TIN091214KL3,2025-05-20,179677.8,28748.45,208426.25,Guantes de carnaza,G03,03,PPD,vigente
6D56CFD5-79AB-3018-87F3-C9A4CD1A810D,TIN091214KL3,QPC951019FXZ,2025-05-20,64217.12,10274.74,74491.86,Fabricación de estructura,G01,03,PPD,vigente
6E3A0BA8-AC8D-6C7D-B2A6-E468D02B1243,IXC940413YZC,TIN091214KL3,2025-05-21,34512.4,5521.98,40034.38,Discos de corte,G03,03,PUE,vigente
402D35E8-1F47-D902-1BA8-4A917462F144,TIN091214KL3,DLJ130219ENL,2025-05-23,93054.68,14888.75,107943.43,Corte y doblez,G01,03,PPD,vigente
A06A187D-E2E6-E7A6-BBC9-94734363589C,WWH110626S3K,TIN091214KL3,2025-05-26,24030.5,3844.88,27875.38,Barra redonda 1018,G03,03,PUE,vigente
075072D6-2BAC-F712-D6A9-19E886D895E5,GTT9311046XL,TIN091214KL3,2025-05-26,15310.5,2449.68,17760.18,Consultoría de procesos,G03,03,PPD,vigente
922BDA48-2A7C-F9E9-D7A7-E7B188C62063,FNI920522YRY,TIN091214KL3,2025-05-26,189252.4,30280.38,219532.78,Motor eléctrico 5HP,G03,03,PUE,vigente
5170CA8A-A00E-0B60-64EE-C4C19714FADC,ILK110504O8G,TIN091214KL3,2025-05-26,193430.5,30948.88,224379.38,Perfil PTR 2x2,G03,03,PPD,vigente
72D35458-61EA-2F30-E42E-707AFE2BD987,MXU951103KXW,TIN091214KL3,2025-05-27,58340.5,9334.48,67674.98,Guantes de carnaza,G03,03,PUE,vigente
7C4F48E4-A7A0-2A3D-620F-230B439E754C,HQP910421HXF,TIN091214KL3,2025-05-27,96882.4,15501.18,112383.58,Servicios de limpieza,G03,03,PPD,vigente
4CB34663-7A21-1151-C166-A8B3F26BCEBF,ZWS100912DOJ,TIN091214KL3,2025-05-27,31710,5073.6,36783.6,Servicios de limpieza,G03,03,PPD,vigente
F3ABEA0D-5BE9-FDB3-DD92-DD7C0DB977A9,UWP921026BTX,TIN091214KL3,2025-05-28,8962.4,1433.98,10396.38,Motor eléctrico 5HP,G03,03,PUE,vigente
3581A632-54F5-DF70-05D2-D205789FED96,BTN8908152SD,TIN091214KL3,2025-05-28,50310,8049.6,58359.6,Sellos hidráulicos,G03,03,PUE,vigente
AFD0D2F7-E352-4444-6F04-AF36567C5D44,ZLV900812OLD,TIN091214KL3,2025-05-29,124699.9,19951.98,144651.88,Solvente industrial,G03,03,PPD,vigente
A925DE85-6258-8CE9-F7AE-EDE80A119BAC,CRH230311CX7,TIN091214KL3,2025-05-29,156830.5,25092.88,181923.38,Asesoría fiscal,G03,03,PPD,vigente
516C3B0A-5385-3918-BC40-15FAD4F76322,PMN121218LZJ,TIN091214KL3,2025-05-30,91862.4,14697.98,106560.38,Perfil PTR 2x2,G03,03,PUE,vigente
9DB94EEE-1A3C-2131-73DD-3BC6D06405A8,BGD030823RBW,TIN091214KL3,2025-06-02,82369.9,13179.18,95549.08,Lámina de acero cal. 14,G03,03,PUE,vigente
E744AA30-B135-6D67-6D4E-C8A4C4F4B844,JPY870826UGV,TIN091214KL3,2025-06-02,126450,20232.0,146682.0,Perfil PTR 2x2,G03,03,PPD,vigente
3ACDC514-DAE1-8B28-8D81-64B0F85AD287,LJA880717NNC,TIN091214KL3,2025-06-02,37449.9,5991.98,43441.88,Bandas industriales,G03,03,PPD,vigente
EBF484D0-CE6D-29BF-BC63-3D6C6EAF0A90,TIN091214KL3,ONS8703145G7,2025-06-02,216704.24,34672.68,251376.92,Soldadura industrial,G01,03,PPD,vigente
D544C79B-6AB7-6840-F5B5-AC7163EF5E69,TIN091214KL3,LSC21020236H,2025-06-02,300278.2,48044.51,348322.71,Soldadura industrial,G01,03,PPD,vigente
95ECEC2C-0798-3BC0-5797-44BA107380CB,SZC9707063JK,TIN091214KL3,2025-06-02,7371.31,1179.41,8550.72,Discos de corte,G03,03,PPD,vigente
8E85140D-0F9A-EB70-4670-7CD64CEDA164,YNB000215EQT,TIN091214KL3,2025-06-04,24499.9,3919.98,28419.88,Placa de acero A36,G03,03,PUE,vigente
719B2DD6-17B4-E75B-E9D1-8EC233BCB8A9,FNI920522YRY,TIN091214KL3,2025-06-04,77412.4,12385.98,89798.38,Rodamientos SKF,G03,03,PPD,vigente
797EB3E4-63DB-A8C8-B4A2-B699AEFA823B,JPY870826UGV,TIN091214KL3,2025-06-04,128109.9,20497.58,148607.48,Placa de acero A36,G03,03,PPD,vigente
4C23E844-3C47-22F3-C1B4-FD44D29CF92A,TIN091214KL3,MNM040801DOQ,2025-06-04,72490.12,11598.42,84088.54,Fabricación de estructura,G01,03,PPD,vigente
EB45BC38-9CF6-5E33-4B5F-174B6C267B56,DBY200622EMX,TIN091214KL3,2025-06-05,22262.4,3561.98,25824.38,Perfil PTR 2x2,G03,03,PUE,vigente
20F36E92-38EC-71AA-1E5C-5DA8D087EDCB,TIN091214KL3,MAQ03062825L,2025-06-05,50353.43,8056.55,58409.98,Fabricación de estructura,G01,03,PPD,vigente
A93C9413-1396-A289-C29A-988F18A95210,TIN091214KL3,DLJ130219ENL,2025-06-05,263908.03,42225.28,306133.31,Corte y doblez,G01,03,PPD,vigente
00473139-185D-F528-B425-8E191758D47E,WGM241113MRL,TIN091214KL3,2025-06-06,42490.5,6798.48,49288.98,Guantes de carnaza,G03,03,PUE,vigente
B3B6D344-F2E3-C6F0-0075-D3D5BA94AA66,OSD160228AKR,TIN091214KL3,2025-06-09,171322.4,27411.58,198733.98,Placa de acero A36,G03,03,PUE,vigente
2379C05F-A708-7280-34EE-0B6721BBD183,SJP030817VDZ,TIN091214KL3,2025-06-09,100432.4,16069.18,116501.58,Guantes de carnaza,G03,03,PUE,vigente
E606D7C2-1E18-046D-2E42-1840A05F36C8,HTX0701065UO,TIN091214KL3,2025-06-09,50037.8,8006.05,58043.85,Flete foráneo,G03,03,PUE,vigente
E0864418-7F3E-F59B-1638-613769F35B2D,FNI920522YRY,TIN091214KL3,2025-06-09,166492.4,26638.78,193131.18,Rodamientos SKF,G03,03,PPD,vigente
105F86AA-974E-8F83-D5D9-A3852BB24CBC,YMF930303K2S,TIN091214KL3,2025-06-09,12390,1982.4,14372.4,Guantes de carnaza,G03,03,PPD,vigente
6CC0067F-141F-746E-FB29-FF362155FBA8,TIN091214KL3,MAQ03062825L,2025-06-09,85123.91,13619.83,98743.74,Maquinado de piezas,G01,03,PPD,vigente
8DCD6E9B-39D2-D74A-71A7-1782D751AF9C,TIN091214KL3,IHL120323PQ0,2025-06-09,287336.76,45973.88,333310.64,Corte y doblez,G01,03,PPD,vigente
8DA5D39B-42C2-1797-0426-FCC9255B30E2,IXC940413YZC,TIN091214KL3,2025-06-10,29489.9,4718.38,34208.28,Electrodos 6013,G03,03,PPD,vigente
B440B852-E033-500E-A432-62B38675820E,SJP030817VDZ,TIN091214KL3,2025-06-10,57209.9,9153.58,66363.48,Solvente industrial,G03,03,PUE,vigente
83EF3CE9-9FFD-A1E7-4052-E3A566FD3215,TIN091214KL3,QPC951019FXZ,2025-06-10,112027.71,17924.43,129952.14,Corte y doblez,G01,03,PPD,vigente
C34201DB-2C3A-ACDC-AED5-4A468BDE005B,WGM241113MRL,TIN091214KL3,2025-06-12,17639.9,2822.38,20462.28,Guantes de carnaza,G03,03,PUE,vigente
29CE9BFA-5B7D-9D2D-22AF-F503B17AFF6D,TIN091214KL3,TJB001222W10,2025-06-13,205975.83,32956.13,238931.96,Maquinado de piezas,G01,03,PPD,vigente
65F30779-F6EE-5CDB-2D79-A2D1506E50C7,FBY870108HAF,TIN091214KL3,2025-06-16,149340.5,23894.48,173234.98,Flete foráneo,G03,03,PPD,vigente
71E15B9F-8C6D-768E-45BC-F3BAEF52D36E,GTT9311046XL,TIN091214KL3,2025-06-16,24187.8,3870.05,28057.85,Asesoría fiscal,G03,03,PUE,vigente
A3760C2D-7B31-DCDC-40D9-1A8E1F44AA88,DGN090812Y08,TIN091214KL3,2025-06-16,37320,5971.2,43291.2,Solvente industrial,G03,03,PPD,vigente
2DBB45BD-2138-E2E6-F013-A170D5CF3B4C,DGN090812Y08,TIN091214KL3,2025-06-16,33379.9,5340.78,38720.68,Discos de corte,G03,03,PUE,vigente
902A405C-3D9F-FE59-9BC0-FA9352CDADEF,FQZ88060892H,TIN091214KL3,2025-06-16,95007.8,15201.25,110209.05,Perfil PTR 2x2,G03,03,PPD,vigente
D2535515-9DC0-A8B5-5987-038AFCD6C18E,BTN8908152SD,TIN091214KL3,2025-06-16,105880,16940.8,122820.8,Sellos hidráulicos,G03,03,PUE,vigente
AF521B94-F186-E47A-A794-63208CF6E8B8,IXC940413YZC,TIN091214KL3,2025-06-18,21759.9,3481.58,25241.48,Electrodos 6013,G03,03,PPD,vigente
CD6BB03B-EB35-37A0-2D6E-0291B7893986,OSD160228AKR,TIN091214KL3,2025-06-19,202210.5,32353.68,234564.18,Placa de acero A36,G03,03,PUE,vigente
0DBDC5DA-7875-15B9-1E26-ED31D9E92758,ZLV900812OLD,TIN091214KL3,2025-06-19,110539.9,17686.38,128226.28,Brocas HSS,G03,03,PUE,vigente
6E89A7A8-B68D-4037-D8FE-3FB8A1628ABF,TIN091214KL3,LSC21020236H,2025-06-20,42834.74,6853.56,49688.3,Corte y doblez,G01,03,PPD,vigente
D4E99A65-022B-7E76-AC3C-BE3402B53D3D,JPY870826UGV,TIN091214KL3,2025-06-23,161860.5,25897.68,187758.18,Tubo estructural,G03,03,PPD,vigente
1C684DB0-0D33-3496-E352-85395D2E7B90,LJA880717NNC,TIN091214KL3,2025-06-23,42900,6864.0,49764.0,Válvulas neumáticas,G03,03,PPD,vigente
1F6D5768-677F-7C73-FD9B-FAF3D8125123,TIN091214KL3,IHL120323PQ0,2025-06-23,112094.86,17935.18,130030.04,Fabricación de estructura,G01,03,PPD,vigente
AE5A5F99-F1BB-5D9B-7499-BB6B9AFDD464,JMK241214132,TIN091214KL3,2025-06-23,75000,12000.0,87000.0,Bandas industriales,G03,03,PUE,vigente
DF2E37E7-C4FC-BB84-24AE-FBEA53CC6B95,FNI920522YRY,TIN091214KL3,2025-06-24,203269.9,32523.18,235793.08,Sellos hidráulicos,G03,03,PUE,vigente
5B7C57E8-FDF0-2450-585B-4B176D9B1EB1,TIN091214KL3,ZZR890918KKF,2025-06-24,177006.42,28321.03,205327.45,Corte y doblez,G01,03,PPD,vigente
54BBBCF8-28FE-A761-8D49-FE3F2CA8F783,UWP921026BTX,TIN091214KL3,2025-06-25,19610.5,3137.68,22748.18,Bandas industriales,G03,03,PPD,vigente
E2ED8686-B334-22CB-9A3F-0AD169A9AFF9,BGD030823RBW,TIN091214KL3,2025-06-25,211077.8,33772.45,244850.25,Placa de acero A36,G03,03,PPD,vigente
081FEC82-CA9A-CF77-B26A-51A576B40672,ZWS100912DOJ,TIN091214KL3,2025-06-25,29687.8,4750.05,34437.85,Capacitación,G03,03,PUE,vigente
D5B211A9-9DEC-2B83-3885-8F7E2F1A25A8,WWH110626S3K,TIN091214KL3,2025-06-26,10549.9,1687.98,12237.88,Placa de acero A36,G03,03,PUE,vigente
ADA59CB2-882A-E449-B5B7-1C24785CA87B,LJA880717NNC,TIN091214KL3,2025-06-26,31099.9,4975.98,36075.88,Válvulas neumáticas,G03,03,PPD,vigente
390239D9-FA8D-AE42-BA54-E9202099D180,MXU951103KXW,TIN091214KL3,2025-06-30,34069.9,5451.18,39521.08,Guantes de carnaza,G03,03,PPD,vigente
9FA4A627-D306-08BE-8548-867BAD5CBA24,DBU231227UKE,TIN091214KL3,2025-06-30,31280.5,5004.88,36285.38,Motor eléctrico 5HP,G03,03,PUE,vigente
290C4414-8DF5-0B01-DC4D-B762EA1AF7D2,DGN090812Y08,TIN091214KL3,2025-06-30,51227.8,8196.45,59424.25,Brocas HSS,G03,03,PUE,vigente
A033EDAD-0FDF-DE19-CFD8-35FC469FF562,BTN8908152SD,TIN091214KL3,2025-06-30,107712.4,17233.98,124946.38,Bandas industriales,G03,03,PUE,vigente
CBF85149-B6DA-99CD-D14B-256C67DB0943,ILK110504O8G,TIN091214KL3,2025-06-30,149550.5,23928.08,173478.58,Barra redonda 1018,G03,03,PUE,vigente
7122D7A0-D129-72D3-2396-6B835CD14B22,TIN091214KL3,MAQ03062825L,2025-06-30,152166.45,24346.63,176513.08,Soldadura industrial,G01,03,PPD,vigente
CFA28FB8-4199-322E-3BA5-81263FF69F41,FQZ88060892H,TIN091214KL3,2025-07-02,37122.4,5939.58,43061.98,Tubo estructural,G03,03,PPD,vigente
FCCE5213-6789-9D92-F33C-4C369A690CAD,TIN091214KL3,DLJ130219ENL,2025-07-02,211297.46,33807.59,245105.05,Corte y doblez,G01,03,PPD,vigente
EAECF4E0-E819-09CE-0DD7-CAC28A1055C5,OEF190714EHM,TIN091214KL3,2025-07-02,300000,48000.0,348000.0,Promoción y desarrollo de mercado,G03,03,PUE,vigente
57BCAD3A-D0A1-7FE8-5F64-2A5317CBA85D,ZLV900812OLD,TIN091214KL3,2025-07-03,198379.9,31740.78,230120.68,Brocas HSS,G03,03,PPD,vigente
0AF57E60-3BE8-A5DF-5E93-4DE043ACE875,WWH110626S3K,TIN091214KL3,2025-07-03,6887.8,1102.05,7989.85,Placa de acero A36,G03,03,PPD,vigente
2CD51392-D98F-5E83-CF5B-294DD2CC4853,COL040206DTB,TIN091214KL3,2025-07-03,200000,32000.0,232000.0,Estudio de mercado,G03,03,PUE,vigente
1A57F9E4-C5F8-E2F8-414F-499428457780,WGM241113MRL,TIN091214KL3,2025-07-04,14429.9,2308.78,16738.68,Electrodos 6013,G03,03,PUE,vigente
4E336644-C657-20AE-5BD6-7D4D7202FAE5,WWH110626S3K,TIN091214KL3,2025-07-04,8832.4,1413.18,10245.58,Perfil PTR 2x2,G03,03,PUE,vigente
0C78947B-5B21-C9F0-F485-2088E97FB025,TIN091214KL3,TJB001222W10,2025-07-04,191025.04,30564.01,221589.05,Soldadura industrial,G01,03,PPD,vigente
05E9F407-DAAD-A0B1-2F13-2A6D2AD55C0B,LIP121209QK9,TIN091214KL3,2025-07-07,173749.9,27799.98,201549.88,Motor eléctrico 5HP,G03,03,PUE,vigente
236E9007-3468-0B6E-C609-0B78B5971E43,LJA880717NNC,TIN091214KL3,2025-07-07,19459.9,3113.58,22573.48,Rodamientos SKF,G03,03,PUE,vigente
08D16094-B6E3-B91B-3777-D8232D8D7DB8,EOK870428F5T,TIN091214KL3,2025-07-07,96000,15360.0,111360.0,Servicios de gestión y enlace comercial,G03,03,PUE,vigente
227197CA-7887-73ED-4AF7-15B7109EFB40,FNI920522YRY,TIN091214KL3,2025-07-08,198790,31806.4,230596.4,Motor eléctrico 5HP,G03,03,PPD,vigente
BB3607B0-BAED-6F49-245F-D841147F0413,DFP890325WQU,TIN091214KL3,2025-07-08,8417.8,1346.85,9764.65,Renta de montacargas,G03,03,PPD,vigente
D5AD86BC-F1DB-9AD8-6098-0B94E05B1892,TIN091214KL3,IVN2105163NY,2025-07-08,105480.13,16876.82,122356.95,Fabricación de estructura,G01,03,PPD,vigente
B49B4B72-C631-9C16-5827-BC1D93E0F235,DZI910804SQ0,TIN091214KL3,2025-07-09,9497.8,1519.65,11017.45,Tubo estructural,G03,03,PUE,vigente
FAB1996A-2192-5613-9247-E8512E0D3860,LIP121209QK9,TIN091214KL3,2025-07-10,109367.8,17498.85,126866.65,Sellos hidráulicos,G03,03,PUE,vigente
EFFA2002-3040-413C-4690-FB1527B608DC,MXU951103KXW,TIN091214KL3,2025-07-14,93160.5,14905.68,108066.18,Guantes de carnaza,G03,03,PUE,vigente
48D0E602-FA4F-FBA8-C437-6D895A4EB9F3,TIN091214KL3,DLJ130219ENL,2025-07-14,262098.28,41935.72,304034.0,Soldadura industrial,G01,03,PPD,vigente
A1396D49-713E-9035-2EFC-D60C5256CD59,TIN091214KL3,PZS930606W5L,2025-07-14,253448.28,40551.72,294000.0,Fabricación de estructura (lote especial),G01,03,PPD,vigente
12B3C5EB-4198-0029-98E1-D54CBC715183,TIN091214KL3,YCA050705OHS,2025-07-16,295043.14,47206.9,342250.04,Maquinado de piezas,G01,03,PPD,vigente
59EA4936-60F3-4EBC-E1BB-B8CD7E3A9F07,OSD160228AKR,TIN091214KL3,2025-07-17,121657.8,19465.25,141123.05,Placa de acero A36,G03,03,PUE,vigente
1CF14654-2AB2-02C2-CC02-43C6E2D903C8,ZLV900812OLD,TIN091214KL3,2025-07-17,163937.8,26230.05,190167.85,Guantes de carnaza,G03,03,PUE,vigente
798E175F-EFB5-6207-DDEC-C40BAFE3AF13,HQP910421HXF,TIN091214KL3,2025-07-18,92787.8,14846.05,107633.85,Asesoría fiscal,G03,03,PPD,vigente
FAC08FC4-6B2D-9CCC-6279-403CE1A2CFE7,BGD030823RBW,TIN091214KL3,2025-07-18,158559.9,25369.58,183929.48,Tubo estructural,G03,03,PUE,vigente
7FE4A42E-3DB7-88A6-1CDC-C4C262C965B2,WGM241113MRL,TIN091214KL3,2025-07-21,24410,3905.6,28315.6,Electrodos 6013,G03,03,PUE,vigente
6C412493-EF7C-EF26-3C66-7012BE741860,TIN091214KL3,MNM040801DOQ,2025-07-21,330102.98,52816.48,382919.46,Fabricación de estructura,G01,03,PPD,vigente
D9750F00-D5AB-A8AE-9112-FBC03D8F95F4,LAI101206479,TIN091214KL3,2025-07-23,204062.4,32649.98,236712.38,Electrodos 6013,G03,03,PPD,vigente
032A461A-DF9B-7C1F-EACB-1F6D7549C9F9,HQP910421HXF,TIN091214KL3,2025-07-23,70382.4,11261.18,81643.58,Asesoría fiscal,G03,03,PPD,vigente
161D5C87-53C9-FE59-4F89-E3B2D847DC53,WGM241113MRL,TIN091214KL3,2025-07-25,14927.8,2388.45,17316.25,Brocas HSS,G03,03,PUE,vigente
812FAA38-96F6-1C09-059C-1BA0BBEC721D,ZLV900812OLD,TIN091214KL3,2025-07-28,51210.5,8193.68,59404.18,Electrodos 6013,G03,03,PPD,vigente
9AAD10CE-CAB2-4F24-1744-EE3FD36EC1BD,BGD030823RBW,TIN091214KL3,2025-07-28,117369.9,18779.18,136149.08,Barra redonda 1018,G03,03,PPD,vigente
1287E313-8F02-6C2C-1B41-49998198D1F5,CZT910806Y6B,TIN091214KL3,2025-07-28,36162.4,5785.98,41948.38,Electrodos 6013,G03,03,PPD,vigente
0274CE40-E090-16B6-B186-A5A8D6EE526B,WGM241113MRL,TIN091214KL3,2025-07-29,13099.9,2095.98,15195.88,Brocas HSS,G03,03,PPD,vigente
DE4B061E-B45E-9463-032A-09E05071E5F0,ZLV900812OLD,TIN091214KL3,2025-07-30,122040,19526.4,141566.4,Brocas HSS,G03,03,PUE,vigente
41A67C90-291C-0DA1-A563-0D3A497BC13B,TIN091214KL3,BBL150807MF5,2025-07-31,136096.51,21775.44,157871.95,Fabricación de estructura,G01,03,PPD,vigente
F08CE6C2-F6FF-3521-C225-0530952A5345,HQP910421HXF,TIN091214KL3,2025-08-01,36669.9,5867.18,42537.08,Asesoría fiscal,G03,03,PUE,vigente
A8909E31-7517-5F39-7354-44FBE44A0371,BGD030823RBW,TIN091214KL3,2025-08-01,55909.9,8945.58,64855.48,Lámina de acero cal. 14,G03,03,PUE,vigente
A9D049DC-369E-5AF8-E226-49EE38A06FFE,WWH110626S3K,TIN091214KL3,2025-08-01,17437.8,2790.05,20227.85,Lámina de acero cal. 14,G03,03,PPD,vigente
C0AC1C00-AF8E-26B2-6CFB-F1736B4D3D1A,IHV020423VE4,TIN091214KL3,2025-08-01,150000,24000.0,174000.0,Consultoría estratégica,G03,03,PPD,vigente
8085C147-1E91-0F36-5F70-5B2592502E59,WGM241113MRL,TIN091214KL3,2025-08-04,50482.4,8077.18,58559.58,Brocas HSS,G03,03,PUE,vigente
D2EFA93B-E9D6-BB7E-361D-B014711456DE,HQP910421HXF,TIN091214KL3,2025-08-04,74820,11971.2,86791.2,Consultoría de procesos,G03,03,PPD,vigente
E1228E75-4719-8F5C-F69B-D5963F10938C,TIN091214KL3,MNM040801DOQ,2025-08-05,210947.48,33751.6,244699.08,Fabricación de estructura,G01,03,PPD,vigente
290C42F8-D30B-EF65-19B3-8619D1FB55B1,TIN091214KL3,BNT021022VED,2025-08-05,355634.04,56901.45,412535.49,Soldadura industrial,G01,03,PPD,vigente
A174A785-6F21-90CB-2FB5-04019D267076,TIN091214KL3,ONS8703145G7,2025-08-05,331957.97,53113.28,385071.25,Corte y doblez,G01,03,PPD,vigente
BAF9706D-802D-DCC4-DC95-6E3103491B41,JMK241214132,TIN091214KL3,2025-08-05,50000,8000.0,58000.0,Bandas industriales,G03,03,PPD,vigente
8720D00F-1263-01A0-641C-B619643058D9,DGQ240803D6V,TIN091214KL3,2025-08-05,1545.69,247.31,1793.0,Brocas HSS,G03,01,PPD,vigente
C2EBBAA2-1CE3-70ED-6857-07AC3A40FE39,TIN091214KL3,IHL120323PQ0,2025-08-06,117138.64,18742.18,135880.82,Soldadura industrial,G01,03,PPD,vigente
EAD44E11-1397-A29F-8D0D-F6F60C37EB80,TIN091214KL3,QSB920810FY7,2025-08-07,146373.39,23419.74,169793.13,Maquinado de piezas,G01,03,PPD,vigente
8C1C8B05-5677-1F36-4899-8E5FD40E53CE,WGM241113MRL,TIN091214KL3,2025-08-08,46677.8,7468.45,54146.25,Brocas HSS,G03,03,PPD,vigente
5F8392D5-BB0C-7919-330C-CFF588A5FA0D,ZLV900812OLD,TIN091214KL3,2025-08-08,210217.8,33634.85,243852.65,Discos de corte,G03,03,PUE,vigente
CD6C78DD-D74F-9844-E50E-A3EC11D1E7D5,TIN091214KL3,IHL120323PQ0,2025-08-08,107962.59,17274.01,125236.6,Corte y doblez,G01,03,PPD,vigente
B27B7BB4-68C6-90B2-30A2-CEE8F9722CC1,OSD160228AKR,TIN091214KL3,2025-08-11,74390,11902.4,86292.4,Tubo estructural,G03,03,PPD,vigente
9249EE3A-79D1-9C4E-1521-AD35560F1E2D,BTN8908152SD,TIN091214KL3,2025-08-11,96717.8,15474.85,112192.65,Bandas industriales,G03,03,PPD,vigente
AB6B3F08-A9A0-F4EF-2C4F-54163C749C16,ILK110504O8G,TIN091214KL3,2025-08-11,143302.4,22928.38,166230.78,Barra redonda 1018,G03,03,PPD,vigente
C3963BF9-7CC9-D887-639A-C771B739A28A,TIN091214KL3,DLJ130219ENL,2025-08-11,88415.77,14146.52,102562.29,Maquinado de piezas,G01,03,PPD,vigente
D45FF4DB-9CE9-1544-4362-262DE07EE721,TIN091214KL3,YCA050705OHS,2025-08-11,141853.18,22696.51,164549.69,Soldadura industrial,G01,03,PPD,vigente
0367EE2C-1DDE-A07D-651A-6277017F319F,TIN091214KL3,QSB920810FY7,2025-08-11,232375.36,37180.06,269555.42,Fabricación de estructura,G01,03,PPD,vigente
22EB69B1-5F9C-B7E0-6328-143E2D9563ED,ZUX97062289Q,TIN091214KL3,2025-08-12,4919.9,787.18,5707.08,Servicio de energía,G03,03,PUE,vigente
7DC42F12-FE9B-D0E1-BCA3-765350C76BAA,TIN091214KL3,HYZ031207YRR,2025-08-12,361361.85,57817.9,419179.75,Fabricación de estructura,G01,03,PPD,vigente
78202426-3134-1AB8-B9E8-D78149BB1313,TIN091214KL3,LSC21020236H,2025-08-12,47490.49,7598.48,55088.97,Soldadura industrial,G01,03,PPD,vigente
A4F954FC-C449-21B6-CFEF-7811E124C3F2,TIN091214KL3,MNM040801DOQ,2025-08-13,267286.97,42765.92,310052.89,Corte y doblez,G01,03,PPD,vigente
809BD813-4F13-823B-51F4-A72499503858,BNW120625NY2,TIN091214KL3,2025-08-14,380000,60800.0,440800.0,Honorarios — litigio mercantil exp. 412/2025,G03,03,PPD,vigente
85695F97-180D-C855-C55F-FDE8BC3E1D19,DGN090812Y08,TIN091214KL3,2025-08-15,44760,7161.6,51921.6,Electrodos 6013,G03,03,PPD,vigente
44C07A9A-D64A-CB1F-39EB-038A436E3C49,HQP910421HXF,TIN091214KL3,2025-08-18,27787.8,4446.05,32233.85,Servicios de limpieza,G03,03,PUE,vigente
0AECCEC7-204D-B9DA-3156-7F2ACEF74829,HQP910421HXF,TIN091214KL3,2025-08-18,38520.5,6163.28,44683.78,Consultoría de procesos,G03,03,PPD,vigente
B1F81AD9-349B-5089-2733-5670B3ADA2BA,ZLV900812OLD,TIN091214KL3,2025-08-18,111979.9,17916.78,129896.68,Brocas HSS,G03,03,PUE,vigente
6090103C-1E8D-F8AD-838B-77ADBC2E2B59,BGD030823RBW,TIN091214KL3,2025-08-18,77810,12449.6,90259.6,Placa de acero A36,G03,03,PPD,vigente
2514C7CE-F4E3-5F7B-A1B7-E3D876B874D3,LIP121209QK9,TIN091214KL3,2025-08-18,197497.8,31599.65,229097.45,Válvulas neumáticas,G03,03,PPD,vigente
EAEF2EC2-18EC-DE2B-0A80-2167F4B3F20E,JPY870826UGV,TIN091214KL3,2025-08-18,112192.4,17950.78,130143.18,Barra redonda 1018,G03,03,PPD,vigente
178976DE-9E90-D107-0611-3BFE08B6F61D,JPY870826UGV,TIN091214KL3,2025-08-18,107062.4,17129.98,124192.38,Tubo estructural,G03,03,PUE,vigente
E5FBC1C0-AD46-3549-BF41-13CB32E15F17,ZUX97062289Q,TIN091214KL3,2025-08-18,9852.4,1576.38,11428.78,Servicio de energía,G03,03,PUE,vigente
CD4F2875-DF2D-DF20-05A4-3113101D759E,LJA880717NNC,TIN091214KL3,2025-08-18,42980,6876.8,49856.8,Sellos hidráulicos,G03,03,PPD,vigente
F8698E93-BA5E-4066-CE40-924A29EE29F4,DGQ240803D6V,TIN091214KL3,2025-08-18,21607.8,3457.25,25065.05,Guantes de carnaza,G03,03,PPD,vigente
99AFEE64-9024-8225-44BB-10E079F7F38C,TIN091214KL3,ONS8703145G7,2025-08-18,358748.69,57399.79,416148.48,Corte y doblez,G01,03,PPD,vigente
88EAE7D4-1E49-4952-AC5D-4E5763B664F4,WWH110626S3K,TIN091214KL3,2025-08-19,19267.8,3082.85,22350.65,Tubo estructural,G03,03,PUE,vigente
09360F02-75AC-0819-714B-5C03605797CF,TIN091214KL3,DLJ130219ENL,2025-08-19,153241.31,24518.61,177759.92,Maquinado de piezas,G01,03,PPD,vigente
1ACF42C5-F3A0-2120-42D9-43EE51976E75,OSD160228AKR,TIN091214KL3,2025-08-20,60380,9660.8,70040.8,Tubo estructural,G03,03,PUE,vigente
F6E5203C-A237-9E6F-D473-45345AEA6352,BGD030823RBW,TIN091214KL3,2025-08-20,67160.5,10745.68,77906.18,Lámina de acero cal. 14,G03,03,PPD,vigente
9883E9B1-48D3-D2CE-FBA3-091F08DFAAF8,FQZ88060892H,TIN091214KL3,2025-08-20,61627.8,9860.45,71488.25,Lámina de acero cal. 14,G03,03,PUE,vigente
E8292E3B-BBFC-5DC1-FFF4-46B9BB468C13,TIN091214KL3,YSD241219IB6,2025-08-20,156969.57,25115.13,182084.7,Fabricación de estructura,G01,03,PPD,vigente
043D72DB-1BCB-404C-21D8-B96A62ADA157,DZI910804SQ0,TIN091214KL3,2025-08-21,9880,1580.8,11460.8,Placa de acero A36,G03,03,PPD,vigente
1D39E9C2-1758-4F23-1FA0-9802BBB71494,DBY200622EMX,TIN091214KL3,2025-08-21,7902.4,1264.38,9166.78,Placa de acero A36,G03,03,PPD,vigente
01B158E9-0406-FF44-7CE4-0679A8C6DBC0,IXC940413YZC,TIN091214KL3,2025-08-22,27769.9,4443.18,32213.08,Solvente industrial,G03,03,PPD,vigente
04F718C8-5215-B503-3012-F8197DF37378,ZWS100912DOJ,TIN091214KL3,2025-08-22,37952.4,6072.38,44024.78,Asesoría fiscal,G03,03,PUE,vigente
FB8986C8-C7EC-FE71-D493-47FC0FC98D2E,PMN121218LZJ,TIN091214KL3,2025-08-25,65120.5,10419.28,75539.78,Lámina de acero cal. 14,G03,03,PUE,vigente
2D445AF8-FC94-76B1-A18B-5D1555273407,ZLV900812OLD,TIN091214KL3,2025-08-25,72060.5,11529.68,83590.18,Discos de corte,G03,03,PUE,vigente
407D0AFF-CB51-A911-2D90-E4EE0DE4833E,WWH110626S3K,TIN091214KL3,2025-08-25,21050,3368.0,24418.0,Lámina de acero cal. 14,G03,03,PUE,vigente
5564D1D3-4E0F-BAE1-8787-C3F4EC19E4EB,BTN8908152SD,TIN091214KL3,2025-08-25,142200,22752.0,164952.0,Rodamientos SKF,G03,03,PUE,vigente
38EFA3BC-9457-F388-6F2A-EC8A53C9AACB,LJA880717NNC,TIN091214KL3,2025-08-25,23767.8,3802.85,27570.65,Bandas industriales,G03,03,PUE,vigente
DFCB821B-237C-DB55-C596-FAB776B90472,LJA880717NNC,TIN091214KL3,2025-08-25,48129.9,7700.78,55830.68,Rodamientos SKF,G03,03,PUE,vigente
EC6494E0-2198-6E3C-D19F-CF311DD73F1F,TIN091214KL3,MAQ03062825L,2025-08-25,369771.22,59163.4,428934.62,Maquinado de piezas,G01,03,PPD,vigente
BE86F5D0-F73E-EB07-A860-25BFDE68666D,TIN091214KL3,QSB920810FY7,2025-08-25,289050.24,46248.04,335298.28,Corte y doblez,G01,03,PPD,vigente
71A91C81-4EEE-5680-B0BA-8FE363FF910D,EOK870428F5T,TIN091214KL3,2025-08-25,48000,7680.0,55680.0,Servicios de gestión y enlace comercial,G03,03,PUE,vigente
5C7AE8EF-C324-5E35-7EED-CC6522CB2720,TIN091214KL3,IHL120323PQ0,2025-08-27,79713.82,12754.21,92468.03,Soldadura industrial,G01,03,PPD,vigente
6ED47A6D-87C9-DAAC-B5D3-4F2F513BB65C,TIN091214KL3,YCA050705OHS,2025-08-28,87491.03,13998.56,101489.59,Fabricación de estructura,G01,03,PPD,vigente
54B58635-3DAB-1614-5215-0ED87DDCA413,BGD030823RBW,TIN091214KL3,2025-08-29,191110.5,30577.68,221688.18,Lámina de acero cal. 14,G03,03,PUE,vigente
CF4994E0-7AB1-6533-64F2-2A7C87F797FA,LJA880717NNC,TIN091214KL3,2025-08-29,42909.9,6865.58,49775.48,Rodamientos SKF,G03,03,PPD,vigente
3DBC3093-A828-4442-3F73-8F5019A2676F,OSD160228AKR,TIN091214KL3,2025-09-01,137039.9,21926.38,158966.28,Placa de acero A36,G03,03,PUE,vigente
BFBBEAB3-4237-8962-E4FD-6C34D6707A21,DBU231227UKE,TIN091214KL3,2025-09-01,36662.4,5865.98,42528.38,Sellos hidráulicos,G03,03,PPD,vigente
17DB4C2F-1E15-8E2F-C09C-2EBE80DA2ED7,DZI910804SQ0,TIN091214KL3,2025-09-01,13399.9,2143.98,15543.88,Lámina de acero cal. 14,G03,03,PUE,vigente
D707CB6D-5C3B-D3B5-ECAA-DAFBD7E4527A,DFP890325WQU,TIN091214KL3,2025-09-01,9019.9,1443.18,10463.08,Servicio de energía,G03,03,PPD,vigente
A538C6A7-0565-1E80-4EE4-5227D2450039,TIN091214KL3,MNM040801DOQ,2025-09-01,297641.64,47622.66,345264.3,Maquinado de piezas,G01,03,PPD,vigente
E724B119-AF2F-32A7-20B6-D43CFBF3A106,TIN091214KL3,ELG960124MKY,2025-09-02,148141.57,23702.65,171844.22,Soldadura industrial,G01,03,PPD,vigente
606FFA15-F76C-432E-B442-8CDE4A9F6C5C,DGQ240803D6V,TIN091214KL3,2025-09-02,1494.18,239.07,1733.25,Electrodos 6013,G03,01,PUE,vigente
E2789642-A484-E035-330F-AAA36B52F93C,OSD160228AKR,TIN091214KL3,2025-09-03,58252.4,9320.38,67572.78,Perfil PTR 2x2,G03,03,PUE,vigente
E75182A4-F481-38B5-6395-09C4119A7396,COL040206DTB,TIN091214KL3,2025-09-03,200000,32000.0,232000.0,Estudio de mercado,G03,03,PUE,vigente
13BC0DC6-3AE0-ACDB-2A65-24AF709D338B,DZI910804SQ0,TIN091214KL3,2025-09-04,13140,2102.4,15242.4,Barra redonda 1018,G03,03,PPD,vigente
86DC4E34-A9DC-FE52-E7F2-418A953FCFD4,BTN8908152SD,TIN091214KL3,2025-09-05,152670.5,24427.28,177097.78,Rodamientos SKF,G03,03,PUE,vigente
AA055442-A284-E8FD-755C-EE2AF8DED777,WGM241113MRL,TIN091214KL3,2025-09-08,25750,4120.0,29870.0,Discos de corte,G03,03,PUE,vigente
2F546033-6334-FA2A-8B4B-D7E7A4515AE0,HQP910421HXF,TIN091214KL3,2025-09-08,99182.4,15869.18,115051.58,Servicio de mantenimiento,G03,03,PPD,vigente
E7D90C1B-A59C-AEED-6C09-72046FA6681C,TIN091214KL3,BBL150807MF5,2025-09-08,241537.0,38645.92,280182.92,Maquinado de piezas,G01,03,PPD,vigente
ADBD2E33-EF6E-9295-9C8A-F485B98050A6,TIN091214KL3,LSC21020236H,2025-09-08,224808.06,35969.29,260777.35,Corte y doblez,G01,03,PPD,vigente
AE8E6075-5EEB-C618-5628-27686DF0AC3C,SZC9707063JK,TIN091214KL3,2025-09-08,13571.71,2171.47,15743.18,Brocas HSS,G03,03,PUE,vigente
BE64AC2A-F966-71A5-4CEC-495B226716E3,HQP910421HXF,TIN091214KL3,2025-09-09,96090,15374.4,111464.4,Consultoría de procesos,G03,03,PPD,vigente
6AB62DBF-8663-E8BB-6AF7-895BB241CFD3,SZC9707063JK,TIN091214KL3,2025-09-09,6025.26,964.04,6989.3,Discos de corte,G03,03,PPD,vigente
1FA7CDDF-25E6-D919-DDEB-CD5CB8427379,TIN091214KL3,HYZ031207YRR,2025-09-10,80496.72,12879.48,93376.2,Soldadura industrial,G01,03,PPD,vigente
4F70B88B-F06C-69D9-9339-304B9A8CB3D7,COL040206DTB,TIN091214KL3,2025-09-10,200000,32000.0,232000.0,Consultoría estratégica,G03,03,PPD,vigente
6883AC6E-6A94-4054-B241-4482519894D8,YNB000215EQT,TIN091214KL3,2025-09-11,6992.4,1118.78,8111.18,Perfil PTR 2x2,G03,03,PPD,vigente
999F0691-34E4-20BF-DB38-F3066E6A3D5B,TIN091214KL3,YCA050705OHS,2025-09-11,177546.47,28407.44,205953.91,Fabricación de estructura,G01,03,PPD,vigente
8F942977-B582-EF0C-FD23-36F45B44E6ED,TIN091214KL3,HYZ031207YRR,2025-09-11,54685.02,8749.6,63434.62,Corte y doblez,G01,03,PPD,vigente
0AE4AC11-EB4D-8F42-8735-70A2E5110961,LAI101206479,TIN091214KL3,2025-09-15,190032.4,30405.18,220437.58,Solvente industrial,G03,03,PPD,vigente
65339CF0-7CE4-770E-32B7-3D808F2E08D3,BTN8908152SD,TIN091214KL3,2025-09-15,120990.5,19358.48,140348.98,Bandas industriales,G03,03,PUE,vigente
736D417C-52CE-55E3-69DF-05C764A0053F,DBY200622EMX,TIN091214KL3,2025-09-15,8479.9,1356.78,9836.68,Barra redonda 1018,G03,03,PPD,vigente
3C52D68A-8EC6-1BE5-012B-809E6B358D15,YMF930303K2S,TIN091214KL3,2025-09-15,10050,1608.0,11658.0,Brocas HSS,G03,03,PUE,vigente
8BD03267-BD0E-01CE-F85B-C2D301196E6D,DGQ240803D6V,TIN091214KL3,2025-09-15,22177.8,3548.45,25726.25,Brocas HSS,G03,03,PPD,vigente
97F971D5-94F8-9E6C-C416-C07CB6A787B1,TIN091214KL3,DLJ130219ENL,2025-09-15,140266.6,22442.66,162709.26,Soldadura industrial,G01,03,PPD,vigente
9AC60306-61F4-3C2B-2DD9-3719F8D9BF33,TIN091214KL3,DLJ130219ENL,2025-09-15,284118.68,45458.99,329577.67,Soldadura industrial,G01,03,PPD,vigente
F0278488-BE01-5802-D2EB-A277F64D4DE0,TIN091214KL3,QPC951019FXZ,2025-09-15,116663.01,18666.08,135329.09,Corte y doblez,G01,03,PPD,vigente
B39E4DF2-5C0A-1FEB-F7EA-E66ECA6CAF9B,UWP921026BTX,TIN091214KL3,2025-09-17,25427.8,4068.45,29496.25,Válvulas neumáticas,G03,03,PUE,vigente
6CBDD931-2F90-0058-39CA-28265AF56A23,DFP890325WQU,TIN091214KL3,2025-09-18,14947.8,2391.65,17339.45,Servicio de energía,G03,03,PPD,vigente
BC547D54-6C8D-E840-ED30-555662A53193,JMK241214132,TIN091214KL3,2025-09-18,75000,12000.0,87000.0,Rodamientos SKF,G03,03,PPD,vigente
FA2FBD74-FD19-35CC-74ED-A60E3B2D520B,ZLV900812OLD,TIN091214KL3,2025-09-19,60610,9697.6,70307.6,Brocas HSS,G03,03,PPD,vigente
C9C1AD45-F4EA-6B97-6AA4-15B56336C815,BGD030823RBW,TIN091214KL3,2025-09-19,179772.4,28763.58,208535.98,Lámina de acero cal. 14,G03,03,PUE,vigente
2BBF1E35-C4AC-B57D-0B3D-6DC9616F760A,DBY200622EMX,TIN091214KL3,2025-09-19,18850.5,3016.08,21866.58,Perfil PTR 2x2,G03,03,PUE,vigente
4FA5C35E-10CC-4604-28B2-6B1BCA9F1D59,HQP910421HXF,TIN091214KL3,2025-09-22,96840,15494.4,112334.4,Asesoría fiscal,G03,03,PPD,vigente
F5E8A7E1-5A58-9B67-6BC7-B63554DE19CD,DFP890325WQU,TIN091214KL3,2025-09-22,25129.9,4020.78,29150.68,Renta de montacargas,G03,03,PUE,vigente
29B05B37-4271-0779-D864-465A047DD583,TIN091214KL3,TJB001222W10,2025-09-22,303864.62,48618.34,352482.96,Maquinado de piezas,G01,03,PPD,vigente
A5C9CF20-3967-26AA-AD2B-2C8276A990F1,TIN091214KL3,ELG960124MKY,2025-09-22,163028.15,26084.5,189112.65,Fabricación de estructura,G01,03,PPD,vigente
F66C7331-A172-2EE3-C3E1-847C8420E0D8,DBY200622EMX,TIN091214KL3,2025-09-23,17300,2768.0,20068.0,Barra redonda 1018,G03,03,PPD,vigente
65125D2E-24B3-BC8E-1E85-0F8015C2F297,TIN091214KL3,IHL120323PQ0,2025-09-25,277077.37,44332.38,321409.75,Corte y doblez,G01,03,PPD,vigente
FCCE3EF8-A41B-C4C2-4ECC-B0AB7D5338CA,JMK241214132,TIN091214KL3,2025-09-25,75000,12000.0,87000.0,Sellos hidráulicos,G03,03,PPD,vigente
3362D476-D53A-E57F-E00B-D5343158F1FB,HQP910421HXF,TIN091214KL3,2025-09-26,97860,15657.6,113517.6,Consultoría de procesos,G03,03,PUE,vigente
2875D40A-EAC7-DC2E-9099-A283EEDB0CE5,SJP030817VDZ,TIN091214KL3,2025-09-26,100437.8,16070.05,116507.85,Electrodos 6013,G03,03,PUE,vigente
67F1698C-F594-8A54-5F80-4EEB143A9AFF,LAI101206479,TIN091214KL3,2025-09-29,90422.4,14467.58,104889.98,Brocas HSS,G03,03,PUE,vigente
277664D0-D25C-7D37-EF16-D03B987593C3,JPY870826UGV,TIN091214KL3,2025-09-29,192832.4,30853.18,223685.58,Lámina de acero cal. 14,G03,03,PPD,vigente
C4359252-319D-D940-838C-C13713AAE9C8,TIN091214KL3,TJB001222W10,2025-09-29,270020.75,43203.32,313224.07,Fabricación de estructura,G01,03,PPD,vigente
D3C724E8-7426-32D7-EDA4-13C6EB8466E4,TIN091214KL3,YCA050705OHS,2025-09-29,196657.14,31465.14,228122.28,Corte y doblez,G01,03,PPD,vigente
77DD362B-4A6B-836B-157F-108B86514886,TIN091214KL3,ELG960124MKY,2025-09-29,266641.45,42662.63,309304.08,Corte y doblez,G01,03,PPD,vigente
A8AC1AB1-AFA9-D02C-9E4C-4BE773B0E73D,SZC9707063JK,TIN091214KL3,2025-09-29,10471.48,1675.44,12146.92,Electrodos 6013,G03,03,PPD,vigente
774C0AFA-7F4D-908C-E1FF-F6C08347F1DA,IXC940413YZC,TIN091214KL3,2025-10-01,39262.4,6281.98,45544.38,Brocas HSS,G03,03,PPD,vigente
D73418FE-2B84-3EF3-D86D-655D4CD99164,ZLV900812OLD,TIN091214KL3,2025-10-01,155277.8,24844.45,180122.25,Brocas HSS,G03,03,PUE,vigente
BFB0942C-AC77-7762-6620-516717CF775F,LIP121209QK9,TIN091214KL3,2025-10-02,49642.4,7942.78,57585.18,Bandas industriales,G03,03,PUE,vigente
FE67E8E9-0A88-E6CA-1DEE-4B6D3CE75D1E,DGQ240803D6V,TIN091214KL3,2025-10-02,11990.5,1918.48,13908.98,Electrodos 6013,G03,03,PUE,vigente
83B0B35C-DBA6-FDF8-F3D0-4FFB44709848,UWP921026BTX,TIN091214KL3,2025-10-03,9552.4,1528.38,11080.78,Sellos hidráulicos,G03,03,PUE,vigente
902BD154-6088-5550-F74F-690071594914,CZT910806Y6B,TIN091214KL3,2025-10-03,46249.9,7399.98,53649.88,Brocas HSS,G03,03,PPD,vigente
D0D75E37-3BF2-025F-4A0D-2B73FE54EE4B,YNB000215EQT,TIN091214KL3,2025-10-06,10560,1689.6,12249.6,Placa de acero A36,G03,03,PPD,vigente
2E0869C1-453B-45FE-636C-F4995254AAD3,OSD160228AKR,TIN091214KL3,2025-10-06,179292.4,28686.78,207979.18,Barra redonda 1018,G03,03,PUE,vigente
FC40A3D4-E5EB-4549-7E0A-04C250BF2995,LIP121209QK9,TIN091214KL3,2025-10-06,208977.8,33436.45,242414.25,Sellos hidráulicos,G03,03,PPD,vigente
CBEED3E3-1CD8-89E2-3197-91670D95EE72,YMF930303K2S,TIN091214KL3,2025-10-06,8917.8,1426.85,10344.65,Electrodos 6013,G03,03,PPD,vigente
7FAC89FE-5FE0-C7C3-2336-D60B0F571D6B,OEF190714EHM,TIN091214KL3,2025-10-06,300000,48000.0,348000.0,Promoción y desarrollo de mercado,G03,03,PUE,vigente
6E2F1D3B-FD9F-45F4-0816-D739C3933447,TIN091214KL3,DLJ130219ENL,2025-10-07,46361.34,7417.81,53779.15,Maquinado de piezas,G01,03,PPD,vigente
ABF0263E-0343-8B64-00B3-700F3C088990,ZLV900812OLD,TIN091214KL3,2025-10-08,131390.5,21022.48,152412.98,Guantes de carnaza,G03,03,PPD,vigente
1923CAFC-402D-105B-113E-AF84ABF39096,WWH110626S3K,TIN091214KL3,2025-10-09,15789.9,2526.38,18316.28,Lámina de acero cal. 14,G03,03,PPD,vigente
1752815C-BCBF-1583-0A01-75E5937D6FB1,COL040206DTB,TIN091214KL3,2025-10-10,200000,32000.0,232000.0,Servicios de asesoría integral,G03,03,PPD,vigente
991B749E-B9AD-D00A-EC64-8A9B3CF1C29E,TIN091214KL3,PZS930606W5L,2025-10-10,253448.28,40551.72,294000.0,Fabricación de estructura (lote especial),G01,03,PPD,vigente
D90F74E9-06DD-F6CA-B0C3-0A59F0F7AD22,WGM241113MRL,TIN091214KL3,2025-10-13,37339.9,5974.38,43314.28,Brocas HSS,G03,03,PUE,vigente
586528E6-AFC5-C20E-4A63-6AF5B6E1E7AC,BGD030823RBW,TIN091214KL3,2025-10-13,154270.5,24683.28,178953.78,Placa de acero A36,G03,03,PUE,vigente
9927839B-11D1-CE50-67E2-189BF4B4C704,ILK110504O8G,TIN091214KL3,2025-10-13,64447.8,10311.65,74759.45,Placa de acero A36,G03,03,PPD,vigente
A5CBBF6F-3D33-3164-4BB8-EBE25BC07988,LJA880717NNC,TIN091214KL3,2025-10-13,43667.8,6986.85,50654.65,Bandas industriales,G03,03,PPD,vigente
B4C04BDF-E27B-B6C4-4D94-5434C7859C05,TIN091214KL3,DLJ130219ENL,2025-10-13,277387.97,44382.08,321770.05,Fabricación de estructura,G01,03,PPD,vigente
38772265-102C-01A3-AB40-4598AE11D3C2,EOK870428F5T,TIN091214KL3,2025-10-13,64000,10240.0,74240.0,Servicios de gestión y enlace comercial,G03,03,PUE,vigente
F4BE28B4-4CD7-E6F7-433E-CD2C276E1D67,DGQ240803D6V,TIN091214KL3,2025-10-14,21540.5,3446.48,24986.98,Discos de corte,G03,03,PPD,vigente
80F58B81-2B7C-5EE3-42A2-79502DEB5687,TIN091214KL3,YCA050705OHS,2025-10-14,54805.0,8768.8,63573.8,Corte y doblez,G01,03,PPD,vigente
D703262F-B5CB-E3F5-6A66-C1847DE1BF5D,UWP921026BTX,TIN091214KL3,2025-10-15,16647.8,2663.65,19311.45,Motor eléctrico 5HP,G03,03,PUE,vigente
436D977B-6431-CBBE-0E44-C9DC81B61C87,TIN091214KL3,DLJ130219ENL,2025-10-15,347566.53,55610.64,403177.17,Corte y doblez,G01,03,PPD,vigente
7E4CE29F-F8CB-AB4C-9779-0E845E472E22,WGM241113MRL,TIN091214KL3,2025-10-16,45049.9,7207.98,52257.88,Electrodos 6013,G03,03,PUE,vigente
B22A55A6-0539-1557-4441-22A56BD1F826,TIN091214KL3,TVB051103QYM,2025-10-20,225313.54,36050.17,261363.71,Corte y doblez,G01,03,PPD,vigente
7A9E8394-BB4C-CB14-1CC0-B764B06BEFCA,DGQ240803D6V,TIN091214KL3,2025-10-21,20099.9,3215.98,23315.88,Guantes de carnaza,G03,03,PUE,vigente
64976593-C92E-8C93-D105-C8D647C1C017,FBY870108HAF,TIN091214KL3,2025-10-22,179382.4,28701.18,208083.58,Flete foráneo,G03,03,PUE,vigente
DBEAE9F8-E8FB-5A96-3B85-F6E1C40F5405,DZI910804SQ0,TIN091214KL3,2025-10-22,4290.5,686.48,4976.98,Tubo estructural,G03,03,PPD,vigente
31094211-B73F-6E64-378D-2F8D8761F9DA,TIN091214KL3,MAQ03062825L,2025-10-24,314767.85,50362.86,365130.71,Soldadura industrial,G01,03,PPD,vigente
0979F5D3-4A70-3330-FFC0-31368DE6E6B3,TIN091214KL3,LSC21020236H,2025-10-24,254502.24,40720.36,295222.6,Corte y doblez,G01,03,PPD,vigente
1EE89A4C-6811-34E2-5064-7C59774F6354,PMN121218LZJ,TIN091214KL3,2025-10-27,66310,10609.6,76919.6,Placa de acero A36,G03,03,PUE,vigente
013CA998-2B2B-F58C-6DA5-8DADF56AABC0,WWH110626S3K,TIN091214KL3,2025-10-27,9299.9,1487.98,10787.88,Tubo estructural,G03,03,PUE,vigente
E4DC4306-8B20-CE3E-42B7-C0488D3543BE,WWH110626S3K,TIN091214KL3,2025-10-27,18259.9,2921.58,21181.48,Placa de acero A36,G03,03,PUE,vigente
5E85643C-0FFA-2366-4B4F-AFAFDA3DC780,ILK110504O8G,TIN091214KL3,2025-10-27,49459.9,7913.58,57373.48,Perfil PTR 2x2,G03,03,PUE,vigente
80E9B300-4471-9067-E5DE-F08E5A4B4FDB,LJA880717NNC,TIN091214KL3,2025-10-27,48590.5,7774.48,56364.98,Bandas industriales,G03,03,PPD,vigente
C9E55C47-A237-A8C1-61F6-DFBE114B3C79,CZT910806Y6B,TIN091214KL3,2025-10-28,48237.8,7718.05,55955.85,Discos de corte,G03,03,PUE,vigente
9FB209B1-732F-C932-AB96-2697C1E1F813,TIN091214KL3,QSB920810FY7,2025-10-28,300674.09,48107.85,348781.94,Soldadura industrial,G01,03,PPD,vigente
34E50699-C8EB-E27A-23A4-E70E9DBC15C0,UWP921026BTX,TIN091214KL3,2025-10-29,20569.9,3291.18,23861.08,Motor eléctrico 5HP,G03,03,PPD,vigente
6593B659-172E-8C68-82AA-5C4680499BBF,WWH110626S3K,TIN091214KL3,2025-10-29,21412.4,3425.98,24838.38,Placa de acero A36,G03,03,PUE,vigente
2E4C16E2-1B79-9E6B-F52E-F4A6AC6C2E1B,TIN091214KL3,IHL120323PQ0,2025-10-29,106645.28,17063.24,123708.52,Soldadura industrial,G01,03,PPD,vigente
5BCD236C-C777-4FAE-6137-58C39C7FACA6,ZLV900812OLD,TIN091214KL3,2025-10-30,129189.9,20670.38,149860.28,Guantes de carnaza,G03,03,PUE,vigente
6241CBA3-7B7C-E7CC-F950-F7FA28B58DB5,ILK110504O8G,TIN091214KL3,2025-10-30,117559.9,18809.58,136369.48,Placa de acero A36,G03,03,PUE,vigente
CF3EE4AA-594F-FD27-5DCD-0D40D6415102,TIN091214KL3,ZZR890918KKF,2025-10-30,56242.64,8998.82,65241.46,Maquinado de piezas,G01,03,PPD,vigente
88B04B77-7FEB-4CF3-4EC7-7371A4B65CFA,YMF930303K2S,TIN091214KL3,2025-10-31,5907.8,945.25,6853.05,Discos de corte,G03,03,PUE,vigente
88A613B4-A3B8-1F92-A3C9-0C6A86017633,GTT9311046XL,TIN091214KL3,2025-11-03,15689.9,2510.38,18200.28,Servicios de limpieza,G03,03,PPD,vigente
9E5F8273-AF9A-1168-1766-17957FFAB493,DGN090812Y08,TIN091214KL3,2025-11-03,37020,5923.2,42943.2,Electrodos 6013,G03,03,PUE,vigente
94010DFE-7921-0C7C-A119-CEEE0FB91307,DFP890325WQU,TIN091214KL3,2025-11-03,21839.9,3494.38,25334.28,Servicio de energía,G03,03,PUE,vigente
50F32AB5-DF58-6EFF-5296-5CF38B30BB4C,TIN091214KL3,TJB001222W10,2025-11-03,310946.26,49751.4,360697.66,Soldadura industrial,G01,03,PPD,vigente
3D75E423-2D92-1DAB-4152-6BFF661B9738,TIN091214KL3,YSD241219IB6,2025-11-05,177300.73,28368.12,205668.85,Corte y doblez,G01,03,PPD,vigente
A4C31AF7-514A-36BF-4733-4B73225F52AB,OEF190714EHM,TIN091214KL3,2025-11-06,450000,72000.0,522000.0,Promoción y desarrollo de mercado,G03,03,PPD,vigente
2488C84D-99D0-90FD-6928-043ED492B51A,DZI910804SQ0,TIN091214KL3,2025-11-07,14357.8,2297.25,16655.05,Placa de acero A36,G03,03,PPD,vigente
C571F9AB-4158-9D90-F504-4D156FB138C2,JMK241214132,TIN091214KL3,2025-11-07,50000,8000.0,58000.0,Bandas industriales,G03,03,PPD,vigente
13EB22C9-BECE-D21A-54C7-743B2401342A,OSD160228AKR,TIN091214KL3,2025-11-10,85209.9,13633.58,98843.48,Lámina de acero cal. 14,G03,03,PPD,vigente
A3FE0479-46C7-9B36-FD05-39635616AF7E,ZLV900812OLD,TIN091214KL3,2025-11-10,95490,15278.4,110768.4,Guantes de carnaza,G03,03,PPD,vigente
ED56C714-5A96-21F5-9F8C-EDA5FEB9EA24,FNI920522YRY,TIN091214KL3,2025-11-10,190442.4,30470.78,220913.18,Válvulas neumáticas,G03,03,PPD,vigente
74F8A913-00CA-280F-19A5-3942CE67B962,SZC9707063JK,TIN091214KL3,2025-11-10,6915.86,1106.54,8022.4,Brocas HSS,G03,03,PUE,vigente
F2DEC75C-90FC-C9F1-2DDC-756B28C2CCE9,WWH110626S3K,TIN091214KL3,2025-11-11,20469.9,3275.18,23745.08,Placa de acero A36,G03,03,PUE,vigente
7F383A3E-33A6-7403-6F9D-1D74F82C6AD8,TIN091214KL3,TVB051103QYM,2025-11-11,147827.52,23652.4,171479.92,Maquinado de piezas,G01,03,PPD,vigente
91FDA27F-4CBB-7460-510C-8C48E09EF2A3,ILK110504O8G,TIN091214KL3,2025-11-12,145090.5,23214.48,168304.98,Placa de acero A36,G03,03,PPD,vigente
3D877034-7217-3FA3-5893-EF12AB3F8D22,WWH110626S3K,TIN091214KL3,2025-11-13,17239.9,2758.38,19998.28,Lámina de acero cal. 14,G03,03,PUE,vigente
A9B92A1D-4574-98CA-A90E-319D637E3F94,BTN8908152SD,TIN091214KL3,2025-11-13,93617.8,14978.85,108596.65,Rodamientos SKF,G03,03,PUE,vigente
A42D10F5-9BAF-CC20-0E16-AF3F538CC0CA,DGQ240803D6V,TIN091214KL3,2025-11-13,23697.8,3791.65,27489.45,Brocas HSS,G03,03,PUE,vigente
AC7E5CC6-B0CF-3E7F-5C58-B8BA9DE2FD3F,TIN091214KL3,QSB920810FY7,2025-11-13,332727.69,53236.43,385964.12,Corte y doblez,G01,03,PPD,vigente
54CE20EA-BB9D-92C0-D8D0-B8DB3AA06694,TIN091214KL3,PZS930606W5L,2025-11-13,380172.41,60827.59,441000.0,Fabricación de estructura (lote especial),G01,03,PPD,vigente
D2D33488-D0C3-0018-6E3C-DD4F55B145E4,FBY870108HAF,TIN091214KL3,2025-11-14,111832.4,17893.18,129725.58,Flete foráneo,G03,03,PUE,vigente
5E244824-A5CB-3C6E-B5A4-C55BB4629214,BGD030823RBW,TIN091214KL3,2025-11-14,194007.8,31041.25,225049.05,Placa de acero A36,G03,03,PUE,vigente
4DFE1117-22AF-711F-1B62-8A9D75366B9F,FBY870108HAF,TIN091214KL3,2025-11-17,131389.9,21022.38,152412.28,Flete local,G03,03,PPD,vigente
C8B648E0-12A8-50C5-5BAB-7F4A8CD74C27,BGD030823RBW,TIN091214KL3,2025-11-17,151432.4,24229.18,175661.58,Perfil PTR 2x2,G03,03,PUE,vigente
94047909-D81C-A1A0-B7BB-A2AA178A8C73,TIN091214KL3,TVB051103QYM,2025-11-17,307439.69,49190.35,356630.04,Maquinado de piezas,G01,03,PPD,vigente
25D287D0-7665-8707-5D41-1AC5335DAB46,TIN091214KL3,QPC951019FXZ,2025-11-17,61557.4,9849.18,71406.58,Fabricación de estructura,G01,03,PPD,vigente
17D50F59-C4D5-98F7-E14F-E093CB6AD0C7,WGM241113MRL,TIN091214KL3,2025-11-18,29437.8,4710.05,34147.85,Discos de corte,G03,03,PPD,vigente
EA074D80-BA23-6C22-E92A-7B9751DB1A37,HQP910421HXF,TIN091214KL3,2025-11-18,36519.9,5843.18,42363.08,Capacitación,G03,03,PPD,vigente
A73D2746-0E18-AB96-25F4-1DD62F51AC6E,HTX0701065UO,TIN091214KL3,2025-11-18,70830.5,11332.88,82163.38,Flete local,G03,03,PUE,vigente
54555290-017C-75C5-A873-19FE981DC530,TIN091214KL3,YSD241219IB6,2025-11-18,383872.55,61419.61,445292.16,Maquinado de piezas,G01,03,PPD,vigente
13325C31-D010-318A-EADC-9960424211E2,PMN121218LZJ,TIN091214KL3,2025-11-19,205510,32881.6,238391.6,Barra redonda 1018,G03,03,PUE,vigente
915D9A63-DBC6-C928-8FE8-4E20403FD582,LIP121209QK9,TIN091214KL3,2025-11-19,134872.4,21579.58,156451.98,Motor eléctrico 5HP,G03,03,PUE,vigente
2DEE003E-01D9-6E96-01A0-204714AA3CA3,YMF930303K2S,TIN091214KL3,2025-11-20,10060.5,1609.68,11670.18,Discos de corte,G03,03,PPD,vigente
12EF6101-6082-786F-CA00-EF586C521D13,UWP921026BTX,TIN091214KL3,2025-11-21,12372.4,1979.58,14351.98,Bandas industriales,G03,03,PPD,vigente
57F2A45F-E751-5D4B-0D82-9D529CF021B8,DFP890325WQU,TIN091214KL3,2025-11-21,17419.9,2787.18,20207.08,Servicio de energía,G03,03,PPD,vigente
4BED523C-085F-F4D1-87EA-651B5539562B,LJA880717NNC,TIN091214KL3,2025-11-21,12060,1929.6,13989.6,Motor eléctrico 5HP,G03,03,PUE,vigente
A976DC4D-0C47-2187-FEA3-5D37980B6853,ZLV900812OLD,TIN091214KL3,2025-11-24,91069.9,14571.18,105641.08,Solvente industrial,G03,03,PUE,vigente
1690636B-6F74-E55D-99A9-AF6AED054732,DZI910804SQ0,TIN091214KL3,2025-11-24,3260,521.6,3781.6,Placa de acero A36,G03,03,PUE,vigente
D1CCC8D3-C167-6505-43AF-6C46A46B3932,JPY870826UGV,TIN091214KL3,2025-11-24,76199.9,12191.98,88391.88,Tubo estructural,G03,03,PUE,vigente
E8266484-C4E4-FE52-DA4F-706B9D4AC78B,TIN091214KL3,QPC951019FXZ,2025-11-24,231778.96,37084.63,268863.59,Corte y doblez,G01,03,PPD,vigente
AF6C6F61-CFEF-A2A2-E735-4DB25CE4124B,TIN091214KL3,MNM040801DOQ,2025-11-24,385054.1,61608.66,446662.76,Maquinado de piezas,G01,03,PPD,vigente
CEF66A14-6FDC-C21B-DB2C-0EB7F75C0751,LPK240212P77,TIN091214KL3,2025-11-25,14991.15,2398.58,17389.73,Flete local — carta porte anexa,G03,03,PPD,vigente
A0152B5B-6C17-E150-1447-16CC4352ACEA,ZWS100912DOJ,TIN091214KL3,2025-11-27,28407.8,4545.25,32953.05,Consultoría de procesos,G03,03,PPD,vigente
A4B1CF6A-9D2C-E51B-37E8-2D716E66A273,JPY870826UGV,TIN091214KL3,2025-11-27,130670.5,20907.28,151577.78,Barra redonda 1018,G03,03,PPD,vigente
CE1E8D1F-9DE7-DF7B-5594-552B405A8E7E,ZUX97062289Q,TIN091214KL3,2025-11-27,7280.5,1164.88,8445.38,Servicio de energía,G03,03,PUE,vigente
8C68720E-D787-463D-87B8-F95CB265A6C2,LJA880717NNC,TIN091214KL3,2025-11-27,45087.8,7214.05,52301.85,Válvulas neumáticas,G03,03,PPD,vigente
30C36756-D453-F867-B97E-6224891F6912,IXC940413YZC,TIN091214KL3,2025-11-28,15357.8,2457.25,17815.05,Brocas HSS,G03,03,PPD,vigente
9F690CDE-7EAA-7A91-1DEF-D401792CAD76,TIN091214KL3,LSC21020236H,2025-11-28,190169.48,30427.12,220596.6,Soldadura industrial,G01,03,PPD,vigente
D1151FFF-DCB9-1D5F-593C-572B4347DBCA,UWP921026BTX,TIN091214KL3,2025-12-01,21792.4,3486.78,25279.18,Rodamientos SKF,G03,03,PUE,vigente
5F31273D-1519-830C-4019-83035C457E4D,WGM241113MRL,TIN091214KL3,2025-12-01,24692.4,3950.78,28643.18,Discos de corte,G03,03,PUE,vigente
6965D1D1-EB7E-2E64-26C0-747EBF8E8BFA,WGM241113MRL,TIN091214KL3,2025-12-01,18902.4,3024.38,21926.78,Electrodos 6013,G03,03,PPD,vigente
C5F833CF-F4CE-8477-F8BC-A9AC2ADA62CE,WWH110626S3K,TIN091214KL3,2025-12-01,10139.9,1622.38,11762.28,Lámina de acero cal. 14,G03,03,PUE,vigente
E8410A39-F901-2B9C-6057-153A4067F790,DZI910804SQ0,TIN091214KL3,2025-12-01,7539.9,1206.38,8746.28,Lámina de acero cal. 14,G03,03,PPD,vigente
468B22AF-9CA4-364D-5D9A-D9F1908E3A95,DZI910804SQ0,TIN091214KL3,2025-12-01,9772.4,1563.58,11335.98,Barra redonda 1018,G03,03,PUE,vigente
2EB23CA3-1186-DA93-DA7D-CC533020CF06,ZWS100912DOJ,TIN091214KL3,2025-12-01,43212.4,6913.98,50126.38,Servicios de limpieza,G03,03,PUE,vigente
7C12D198-50C1-B8F7-E764-28C4197FA0FD,BTN8908152SD,TIN091214KL3,2025-12-01,112977.8,18076.45,131054.25,Válvulas neumáticas,G03,03,PUE,vigente
3F5FBF4F-D417-6230-5274-EE11B61DF906,UWP921026BTX,TIN091214KL3,2025-12-02,8660.5,1385.68,10046.18,Bandas industriales,G03,03,PPD,vigente
1B02FA24-BF00-F56C-6A49-89A68EE25E54,FQZ88060892H,TIN091214KL3,2025-12-03,44900.5,7184.08,52084.58,Barra redonda 1018,G03,03,PPD,vigente
B9676DC6-D6FD-D1A5-F173-12F4659AE9F2,TIN091214KL3,MNM040801DOQ,2025-12-03,358858.97,57417.44,416276.41,Fabricación de estructura,G01,03,PPD,vigente
260C037E-305D-0EF7-0D9F-F83D70A32883,TIN091214KL3,HYZ031207YRR,2025-12-03,269194.79,43071.17,312265.96,Maquinado de piezas,G01,03,PPD,vigente
01AEC505-99A0-4ABB-99E9-54331453E17E,HTX0701065UO,TIN091214KL3,2025-12-04,63997.8,10239.65,74237.45,Flete foráneo,G03,03,PPD,vigente
E8956041-1E71-AFA9-7815-C7DF0F2C01B7,TIN091214KL3,MAQ03062825L,2025-12-04,224852.51,35976.4,260828.91,Soldadura industrial,G01,03,PPD,vigente
B73C62AB-FE4C-EFED-6F55-2C9E1B000F9F,LPK240212P77,TIN091214KL3,2025-12-04,13798.73,2207.8,16006.53,Flete local — carta porte anexa,G03,03,PPD,vigente
A3607681-2BBB-A89D-34FA-DEE106969D48,OSD160228AKR,TIN091214KL3,2025-12-05,153057.8,24489.25,177547.05,Placa de acero A36,G03,03,PPD,vigente
CBF925B5-6418-16B7-BF2B-43B422E9E527,WWH110626S3K,TIN091214KL3,2025-12-05,6650.5,1064.08,7714.58,Barra redonda 1018,G03,03,PUE,vigente
BFD467E7-7491-050C-F75E-FED82D6B5953,FNI920522YRY,TIN091214KL3,2025-12-05,164269.9,26283.18,190553.08,Válvulas neumáticas,G03,03,PUE,vigente
CF51A203-A2D9-99BA-C146-ED52E73BC913,ILK110504O8G,TIN091214KL3,2025-12-05,58330.5,9332.88,67663.38,Placa de acero A36,G03,03,PUE,vigente
A590FD3C-AD6E-CC57-A520-C3D0FBCDBF5E,UWP921026BTX,TIN091214KL3,2025-12-08,13559.9,2169.58,15729.48,Rodamientos SKF,G03,03,PPD,vigente
96F84FF7-C1A7-2883-F880-287869FB0763,HQP910421HXF,TIN091214KL3,2025-12-08,32132.4,5141.18,37273.58,Asesoría fiscal,G03,03,PUE,vigente
56673E49-8133-8BDC-66CC-73768CCA8963,FQZ88060892H,TIN091214KL3,2025-12-08,59870,9579.2,69449.2,Placa de acero A36,G03,03,PPD,vigente
1CE62A9F-79AF-8348-10BB-C60D07BF63EE,ILK110504O8G,TIN091214KL3,2025-12-08,103512.4,16561.98,120074.38,Perfil PTR 2x2,G03,03,PPD,vigente
010E622B-F8BC-920C-FF7D-39F795635C97,TIN091214KL3,HYZ031207YRR,2025-12-08,250843.86,40135.02,290978.88,Fabricación de estructura,G01,03,PPD,vigente
9645F0E4-647D-C392-9C7E-B575637DDCD6,UWP921026BTX,TIN091214KL3,2025-12-10,24219.9,3875.18,28095.08,Sellos hidráulicos,G03,03,PPD,vigente
B173FCDF-3FE1-E8F3-35AD-DE8843E4F668,OSD160228AKR,TIN091214KL3,2025-12-10,155382.4,24861.18,180243.58,Perfil PTR 2x2,G03,03,PPD,vigente
74577D47-D825-3010-3911-2943D10BF4DC,BGD030823RBW,TIN091214KL3,2025-12-10,124652.4,19944.38,144596.78,Tubo estructural,G03,03,PPD,vigente
B3E6F4C6-D428-DF6C-89AA-429334A0DCD4,WWH110626S3K,TIN091214KL3,2025-12-10,19220.5,3075.28,22295.78,Perfil PTR 2x2,G03,03,PUE,vigente
515A6B43-3189-1F48-E66E-2C1111DEFEBF,WWH110626S3K,TIN091214KL3,2025-12-10,19760,3161.6,22921.6,Tubo estructural,G03,03,PPD,vigente
B8A9B014-24DC-EA07-0405-6D2BA5FCD671,DFP890325WQU,TIN091214KL3,2025-12-10,8640,1382.4,10022.4,Renta de nave industrial,G03,03,PPD,vigente
CF5285F7-BF8C-C6F9-B5A6-1D619925BC9B,TIN091214KL3,YCA050705OHS,2025-12-10,388195.54,62111.29,450306.83,Maquinado de piezas,G01,03,PPD,vigente
502CF0EE-224A-66A6-AC0F-680115B24E1D,UWP921026BTX,TIN091214KL3,2025-12-11,20842.4,3334.78,24177.18,Válvulas neumáticas,G03,03,PPD,vigente
A090360D-27C7-655A-7B43-4A7222C0C475,FNI920522YRY,TIN091214KL3,2025-12-11,128527.8,20564.45,149092.25,Rodamientos SKF,G03,03,PPD,vigente
E5DFC7AF-6403-C4BC-1486-0C2D1659DDCC,LJA880717NNC,TIN091214KL3,2025-12-11,51710,8273.6,59983.6,Bandas industriales,G03,03,PUE,vigente
927C5EA7-8A15-9E92-AF74-AE638DC4C81F,TIN091214KL3,DLJ130219ENL,2025-12-12,216599.34,34655.89,251255.23,Corte y doblez,G01,03,PPD,vigente
B1AC040D-6C1C-C405-DC3F-42E0FCF7B842,WGM241113MRL,TIN091214KL3,2025-12-15,30690,4910.4,35600.4,Brocas HSS,G03,03,PUE,vigente
87A20E22-B298-B811-0B1E-C578DFF47C51,DZI910804SQ0,TIN091214KL3,2025-12-15,10569.9,1691.18,12261.08,Perfil PTR 2x2,G03,03,PPD,vigente
255C82C7-CADE-E3EC-6895-09082E2CB850,TIN091214KL3,YCA050705OHS,2025-12-15,108170.74,17307.32,125478.06,Maquinado de piezas,G01,03,PPD,vigente
97206C66-5FA1-8468-64E8-4FFC1F3ACC68,TIN091214KL3,YSD241219IB6,2025-12-15,393280.41,62924.87,456205.28,Maquinado de piezas,G01,03,PPD,vigente
4A94AE9F-CC35-1E4F-703E-957F35AB8466,UWP921026BTX,TIN091214KL3,2025-12-16,22120,3539.2,25659.2,Motor eléctrico 5HP,G03,03,PPD,vigente
E2280FE3-722D-CE13-47A4-8C4246653497,PMN121218LZJ,TIN091214KL3,2025-12-16,119692.4,19150.78,138843.18,Placa de acero A36,G03,03,PUE,vigente
F5FF3705-DA74-A056-88DD-44CC5D87EDD2,CRH230311CX7,TIN091214KL3,2025-12-16,98880,15820.8,114700.8,Servicio de mantenimiento,G03,03,PPD,vigente
8D7DD772-608E-2F5C-6117-727067C0518B,LAI101206479,TIN091214KL3,2025-12-17,187110,29937.6,217047.6,Discos de corte,G03,03,PUE,vigente
DC70CE22-24CA-F1B8-394A-97FDF28BF846,ILK110504O8G,TIN091214KL3,2025-12-17,156297.8,25007.65,181305.45,Perfil PTR 2x2,G03,03,PPD,vigente
947DEFCF-88CF-C53D-1888-89CE5CCE495D,TIN091214KL3,TJB001222W10,2025-12-17,291268.3,46602.93,337871.23,Soldadura industrial,G01,03,PPD,vigente
5193412D-6906-D118-6F75-A3B2D8186112,TIN091214KL3,QPC951019FXZ,2025-12-17,315590.83,50494.53,366085.36,Maquinado de piezas,G01,03,PPD,vigente
7A7628E6-7394-D796-51C4-243BF07DB671,TIN091214KL3,BNT021022VED,2025-12-18,187713.83,30034.21,217748.04,Fabricación de estructura,G01,03,PPD,vigente
32DBA028-4823-DEBE-CCAD-E92E53DC4FAE,TIN091214KL3,IVN2105163NY,2025-12-18,253487.35,40557.98,294045.33,Maquinado de piezas,G01,03,PPD,vigente
D6B361E4-3B6D-CA0D-6FE5-040B1901EF87,LAI101206479,TIN091214KL3,2025-12-19,169759.9,27161.58,196921.48,Brocas HSS,G03,03,PPD,vigente
8F1C3FA0-7000-0009-B4E5-70BA7C3CC2BC,DGN090812Y08,TIN091214KL3,2025-12-19,55730.5,8916.88,64647.38,Brocas HSS,G03,03,PPD,vigente
B6697D0A-8837-6BBC-D898-06FD86912EFE,TIN091214KL3,MAQ03062825L,2025-12-22,339309.83,54289.57,393599.4,Maquinado de piezas,G01,03,PPD,vigente
8D7F9371-40C3-7CBC-3D5B-6535ABEDE2B6,TIN091214KL3,MNM040801DOQ,2025-12-22,370284.62,59245.54,429530.16,Corte y doblez,G01,03,PPD,vigente
