receipt_id,po_number,supplier_id,invoice_uuid,fecha,descripcion,cantidad,received_by,warehouse
GR00001,PO00529,S00023,347D5E3B-BE44-76F8-CCCC-E22E77EDF7AB,2024-12-31,Bandas industriales,73.0,E00004,ALM-02
GR00002,PO00074,S00019,2AC83CA9-9566-1EF9-9101-28FD44D958C4,2025-01-02,Lámina de acero cal. 14,76.0,E00004,ALM-02
GR00003,PO00080,S00029,953AFBAD-426D-DD90-84C0-48F98DA70733,2025-01-06,Discos de corte,157.0,E00004,ALM-01
GR00004,PO00386,S00032,A3D76CE1-0C3D-6B3D-CDD7-906E526AF3B6,2025-01-06,Bandas industriales,165.0,E00004,ALM-01
GR00005,PO00458,S00039,E777BAF1-6AA6-7B09-3CA4-15DFC9FF6F26,2025-01-06,Perfil PTR 2x2,66.0,E00004,ALM-01
GR00006,PO00479,S00023,B8E07E44-170E-5617-5F72-1C8957366B27,2025-01-06,Rodamientos SKF,95.0,E00004,ALM-01
GR00007,PO00469,S00009,37858087-41FC-F9B1-9165-FA8B23BBEACA,2025-01-10,Lámina de acero cal. 14,56.0,E00004,ALM-01
GR00008,PO00103,S00024,77FED1B8-547F-6E4B-6F1F-711BBA89BD68,2025-01-10,Sellos hidráulicos,78.0,E00004,ALM-01
GR00009,PO00257,S00022,0F340B0D-4F94-3305-B7D5-67C69F71A57D,2025-01-13,Rodamientos SKF,66.0,E00004,ALM-02
GR00010,PO00485,S00039,0AACD1D6-5E67-D7A0-B67F-AC0627F48EE7,2025-01-13,Tubo estructural,77.0,E00004,ALM-01
GR00011,PO00312,S00028,D4A23951-FFA9-7506-637D-CCBEF0F544CD,2025-01-13,Sellos hidráulicos,165.0,E00004,ALM-01
GR00012,PO00452,S00030,B8DA1CBC-9DF3-FBCA-941F-62AE1F0ED31B,2025-01-13,Válvulas neumáticas,51.0,E00004,ALM-01
GR00013,PO00424,S00004,DD21726F-323D-0195-A294-8E036977929B,2025-01-13,Electrodos 6013,48.0,E00004,ALM-02
GR00014,PO00476,S00037,834AD09D-33E6-C4BE-DA29-1775B3687B1D,2025-01-14,Válvulas neumáticas,65.0,E00004,ALM-02
GR00015,PO00071,S00018,06B50424-D48B-15E9-785D-0E2B519DBC3A,2025-01-17,Discos de corte,166.0,E00004,ALM-01
GR00016,PO00534,S00033,5B4A4FB0-B0D9-7CA0-02E4-848450203017,2025-01-17,Flete local — carta porte anexa,1.0,E00004,ALM-01
GR00017,PO00013,S00022,40485493-B9E9-35C3-4366-CD17934D4185,2025-01-20,Válvulas neumáticas,69.0,E00004,ALM-01
GR00018,PO00096,S00020,C97A561D-848D-0F57-6D84-BF83FBA130E2,2025-01-20,Motor eléctrico 5HP,50.0,E00004,ALM-01
GR00019,PO00099,S00029,DA261311-3534-DC8D-B49B-90516690181C,2025-01-22,Discos de corte,22.0,E00004,ALM-01
GR00020,PO00516,S00022,118A7E24-5AB0-CA33-C87C-6570812C814F,2025-01-23,Válvulas neumáticas,67.0,E00004,ALM-01
GR00021,PO00181,S00024,5AA12EBA-A2D6-B281-FAAE-DCB65B9A3F0F,2025-01-23,Sellos hidráulicos,171.0,E00004,ALM-02
GR00022,PO00038,S00029,C3128151-2410-C556-12C1-BAD3A597EADB,2025-01-24,Electrodos 6013,40.0,E00004,ALM-01
GR00023,PO00437,S00009,3D631B48-B59C-F5CF-A491-583756D751A5,2025-01-24,Tubo estructural,121.0,E00004,ALM-02
GR00024,PO00025,S00037,4D96E9DA-9DD8-7A35-9B4B-6E9A506BCEB3,2025-01-27,Motor eléctrico 5HP,161.0,E00004,ALM-01
GR00025,PO00227,S00022,EA185AB1-8EA9-7878-8C1F-F68B7603BB23,2025-01-27,Rodamientos SKF,12.0,E00004,ALM-01
GR00026,PO00118,S00017,AADA85C4-1951-CA9A-8F3E-26A1CD874639,2025-01-27,Sellos hidráulicos,180.0,E00004,ALM-01
GR00027,PO00401,S00024,E653B149-C425-F1DA-914D-04F78BE088CA,2025-02-03,Válvulas neumáticas,125.0,E00004,ALM-02
GR00028,PO00242,S00029,79075C00-C43A-DA06-68B3-4F5FBBFA7EBB,2025-02-06,Discos de corte,41.0,E00004,ALM-02
GR00029,PO00152,S00020,E318378E-1BAA-6D1C-E18E-8344F01B4030,2025-02-07,Rodamientos SKF,68.0,E00004,ALM-01
GR00030,PO00513,S00028,E647ABE9-5D0D-6E47-76E6-3BD7384C43D5,2025-02-10,Válvulas neumáticas,151.0,E00004,ALM-02
GR00031,PO00182,S00017,BC06F9C0-8FA3-652C-7DC2-3853F0B6EFFA,2025-02-10,Motor eléctrico 5HP,22.0,E00004,ALM-02
GR00032,PO00509,S00030,6FB16AF4-07F3-E6F4-4759-F36D5BBDDF89,2025-02-12,Válvulas neumáticas,92.0,E00004,ALM-02
GR00033,PO00015,S00016,9695AE3B-3058-4666-4AF8-EBDDACD4438A,2025-02-14,Guantes de carnaza,32.0,E00004,ALM-01
GR00034,PO00422,S00021,68AEDB47-F6B0-85E5-DC3F-CECFCB7FD6AD,2025-02-14,Barra redonda 1018,152.0,E00004,ALM-01
GR00035,PO00301,S00021,EF0D3CB7-53C0-6C39-DE8D-2EA884146EBB,2025-02-17,Placa de acero A36,111.0,E00004,ALM-02
GR00036,PO00179,S00039,02CBFC60-C8D9-90FC-4B5A-5893E52BF4D3,2025-02-17,Lámina de acero cal. 14,68.0,E00004,ALM-02
GR00037,PO00515,S00019,6145AA5F-3EE6-965E-EFB4-339A8CC872A4,2025-02-19,Tubo estructural,164.0,E00004,ALM-01
GR00038,PO00330,S00022,2EE87329-9EBE-BDDF-FBDA-5321F6F7E3CC,2025-02-24,Válvulas neumáticas,132.0,E00004,ALM-02
GR00039,PO00147,S00019,A0CDA384-2CEE-5D70-E410-B475C58EEF6D,2025-02-24,Barra redonda 1018,119.0,E00004,ALM-01
GR00040,PO00082,S00020,AE6D026D-7682-D29B-B08B-901C87247910,2025-02-24,Sellos hidráulicos,93.0,E00004,ALM-02
GR00041,PO00178,S00016,312F1F1A-D992-ED93-1A7B-F5688CAAC992,2025-02-28,Discos de corte,167.0,E00004,ALM-02
GR00042,PO00186,S00032,CA5B4B58-F788-6084-E0C3-A7DBFE029017,2025-02-28,Válvulas neumáticas,189.0,E00004,ALM-01
GR00043,PO00351,S00021,69AE690B-22F8-6E73-22F8-85BD4F66F5C8,2025-02-28,Tubo estructural,142.0,E00004,ALM-02
GR00044,PO00339,S00019,F6231792-DA92-4590-D40D-ED0FB0A2BDB2,2025-03-03,Tubo estructural,73.0,E00004,ALM-01
GR00045,PO00502,S00019,69CAB6B1-A2BC-00E3-A37B-F7A47CF7F10D,2025-03-03,Tubo estructural,168.0,E00004,ALM-01
GR00046,PO00388,S00023,2207EA4B-C524-1DC7-749A-77710071AA95,2025-03-03,Sellos hidráulicos,101.0,E00004,ALM-02
GR00047,PO00046,S00032,8CD76330-0863-060F-9F18-799B8B53ED6B,2025-03-05,Motor eléctrico 5HP,9.0,E00004,ALM-02
GR00048,PO00355,S00029,9A58E1C2-8D7C-AD40-F6BE-CB57F7543DF7,2025-03-06,Electrodos 6013,117.0,E00004,ALM-01
GR00049,PO00200,S00022,7C2FF658-BD06-397A-AA15-73C572C896B8,2025-03-10,Motor eléctrico 5HP,51.0,E00004,ALM-02
GR00050,PO00537,S00035,9293C4AB-491A-D859-FD90-F7C94091B454,2025-03-10,Sellos hidráulicos,155.0,E00004,ALM-01
GR00051,PO00094,S00024,7FD747C0-BE38-3B75-E969-47A1F45D663E,2025-03-11,Rodamientos SKF,155.0,E00004,ALM-01
GR00052,PO00448,S00023,833EE207-6790-FAE7-FBA4-5D05F152B60A,2025-03-11,Válvulas neumáticas,150.0,E00004,ALM-02
GR00053,PO00352,S00029,27693E9F-435F-A8CB-FBF4-F9FC088EDC17,2025-03-12,Solvente industrial,110.0,E00004,ALM-01
GR00054,PO00293,S00035,8BA92943-63F6-FA72-0733-495702E93EE6,2025-03-12,Sellos hidráulicos,128.0,E00004,ALM-01
GR00055,PO00171,S00028,8087CFCD-290A-1413-6AE0-7F6F1C648101,2025-03-13,Válvulas neumáticas,30.0,E00004,ALM-02
GR00056,PO00471,S00009,4BE588CB-6193-0019-37F9-242BF84FEB85,2025-03-17,Perfil PTR 2x2,111.0,E00004,ALM-01
GR00057,PO00450,S00024,DF195C4D-7145-F6BC-3172-DDA8B9B15585,2025-03-17,Sellos hidráulicos,69.0,E00004,ALM-01
GR00058,PO00190,S00035,9F140BC1-F593-9946-5AFD-94A70C05C3B6,2025-03-17,Bandas industriales,115.0,E00004,ALM-01
GR00059,PO00057,S00023,A452532B-E17D-8AB3-4F22-913A0F7978B6,2025-03-17,Motor eléctrico 5HP,71.0,E00004,ALM-01
GR00060,PO00504,S00023,66F9F6FC-EBCA-FCD2-04D9-A2C761F4A9A1,2025-03-17,Motor eléctrico 5HP,71.0,E00004,ALM-01
GR00061,PO00369,S00016,46523CF3-D099-5C33-D51C-F2FEF9F23CD8,2025-03-19,Electrodos 6013,189.0,E00004,ALM-02
GR00062,PO00443,S00009,C1C8D207-B7A1-07F9-59B2-C0D9815FBF41,2025-03-19,Tubo estructural,9.0,E00004,ALM-01
GR00063,PO00346,S00022,5223235F-1011-E03C-3BC8-F72528D01B73,2025-03-20,Sellos hidráulicos,129.0,E00004,ALM-01
GR00064,PO00367,S00016,73938CAE-53DD-4022-E24E-34BB9FB127CA,2025-03-21,Discos de corte,199.0,E00004,ALM-01
GR00065,PO00329,S00039,52081DE2-FA84-6D4C-F00A-0E4DA4DF27C3,2025-03-21,Perfil PTR 2x2,147.0,E00004,ALM-02
GR00066,PO00322,S00038,224D3032-7AE7-46A5-BD00-BDA01048A51E,2025-03-24,Electrodos 6013,104.0,E00004,ALM-01
GR00067,PO00333,S00040,F68EBA45-24DF-16FE-A290-20D8A3315B40,2025-03-24,Bandas industriales,46.0,E00004,ALM-02
GR00068,PO00481,S00023,C4C4C700-2053-DF44-7707-1F7039117456,2025-03-24,Rodamientos SKF,174.0,E00004,ALM-02
GR00069,PO00255,S00017,F0DB62D4-DC5B-AD91-9867-C0BC4C101C6F,2025-03-24,Bandas industriales,68.0,E00004,ALM-02
GR00070,PO00174,S00004,DCD749F1-8C3E-D2A2-AB83-732152BA9560,2025-03-24,Solvente industrial,51.0,E00004,ALM-01
GR00071,PO00365,S00029,CDB0B572-9686-8785-4CEB-AEB965C35BB2,2025-03-26,Brocas HSS,70.0,E00004,ALM-01
GR00072,PO00155,S00019,97AAAB06-40E4-0862-ADBF-6052E6DA7BF2,2025-03-27,Barra redonda 1018,22.0,E00004,ALM-02
GR00073,PO00142,S00032,42556041-F5B2-AEEB-CA36-FF192F72F5F3,2025-03-28,Válvulas neumáticas,134.0,E00004,ALM-02
GR00074,PO00106,S00018,DDAA1F92-C017-665D-909A-2CE1AE3C6FC1,2025-03-28,Electrodos 6013,25.0,E00004,ALM-01
GR00075,PO00373,S00029,DBA3C906-17FE-7429-A781-F2407CD56811,2025-03-31,Solvente industrial,107.0,E00004,ALM-02
GR00076,PO00500,S00035,F4828865-1412-0185-D880-E0C0F49006CF,2025-03-31,Bandas industriales,5.0,E00004,ALM-01
GR00077,PO00004,S00035,E37D36B1-CF65-17B5-FA38-03580E59E2FD,2025-03-31,Motor eléctrico 5HP,67.0,E00004,ALM-01
GR00078,PO00131,S00039,A5BC2EBA-CA03-2526-47D9-815CA134A478,2025-04-02,Perfil PTR 2x2,110.0,E00004,ALM-01
GR00079,PO00145,S00035,8BE84F09-59C0-D4F8-B6EB-F0FA7E695728,2025-04-07,Motor eléctrico 5HP,123.0,E00004,ALM-02
GR00080,PO00391,S00020,4A3EBB6D-FBEF-EBCA-EF5E-BC3EB645DD72,2025-04-09,Rodamientos SKF,192.0,E00004,ALM-01
GR00081,PO00278,S00018,06A1FD3A-0F48-452D-6238-C7493B76B261,2025-04-14,Brocas HSS,180.0,E00004,ALM-02
GR00082,PO00442,S00021,72BDA7B6-4C95-3648-1C28-28AAA3C35386,2025-04-14,Perfil PTR 2x2,81.0,E00004,ALM-02
GR00083,PO00253,S00019,4DD0AB74-D257-0290-F616-EC6F704DD17E,2025-04-14,Perfil PTR 2x2,125.0,E00004,ALM-01
GR00084,PO00273,S00024,883BE9C3-C09D-B405-5762-61709F860BBF,2025-04-15,Sellos hidráulicos,97.0,E00004,ALM-02
GR00085,PO00137,S00026,526DC30F-366F-4F2A-DFA9-9CB569C64982,2025-04-21,Sellos hidráulicos,70.0,E00004,ALM-02
GR00086,PO00006,S00009,0961938C-AF24-D47E-9034-FC79624E6314,2025-04-21,Tubo estructural,28.0,E00004,ALM-01
GR00087,PO00159,S00035,DE3904AA-9CA4-202B-983A-EC318EF03A8F,2025-04-21,Sellos hidráulicos,144.0,E00004,ALM-02
GR00088,PO00318,S00004,85B16F00-EEC9-AEB1-B024-AAE2E890FF09,2025-04-21,Discos de corte,1.0,E00004,ALM-01
GR00089,PO00059,S00020,9118A7DC-3CCC-C0C3-2730-41B2A747A28E,2025-04-22,Motor eléctrico 5HP,29.0,E00004,ALM-01
GR00090,PO00130,S00023,4A7D9232-AA1B-DC2D-5C18-0535C726968E,2025-04-23,Válvulas neumáticas,132.0,E00004,ALM-01
GR00091,PO00277,S00023,2F356962-FE67-DB95-8D69-BBEE779A92DC,2025-04-24,Bandas industriales,119.0,E00004,ALM-02
GR00092,PO00410,S00023,DE526CF3-33CD-E969-8397-9CEC0DFD9B53,2025-04-25,Sellos hidráulicos,148.0,E00004,ALM-02
GR00093,PO00307,S00032,B687872B-BE82-A004-DB2F-368D0DBA6E25,2025-04-28,Motor eléctrico 5HP,178.0,E00004,ALM-02
GR00094,PO00300,S00020,FB2A2171-BD2D-0039-513A-F9665FD14FA7,2025-04-28,Motor eléctrico 5HP,98.0,E00004,ALM-02
GR00095,PO00426,S00019,FD4A63FA-5380-CE26-FA2B-0D67FBD688C6,2025-05-01,Placa de acero A36,85.0,E00004,ALM-01
GR00096,PO00207,S00035,2D53520C-D6A6-A194-50D3-6B8178FAEB5B,2025-05-01,Bandas industriales,48.0,E00004,ALM-01
GR00097,PO00524,S00023,B51935EE-B1C8-EFE9-D36C-AEEB64663439,2025-05-01,Válvulas neumáticas,166.0,E00004,ALM-02
GR00098,PO00446,S00020,BFFACF9D-ED50-5485-9D97-E5A1DD23A405,2025-05-02,Motor eléctrico 5HP,165.0,E00004,ALM-02
GR00099,PO00319,S00004,1D9865E4-B142-34B4-6DCD-66648EF5670C,2025-05-02,Discos de corte,98.0,E00004,ALM-02
GR00100,PO00081,S00038,F2426F91-DB85-88A0-EDF2-A878790E64B6,2025-05-05,Solvente industrial,184.0,E00004,ALM-01
GR00101,PO00021,S00020,9D62B81F-B0FC-D420-C6BA-A643F8F32A95,2025-05-08,Válvulas neumáticas,183.0,E00004,ALM-01
GR00102,PO00203,S00039,9D6DF827-1EB8-816F-7083-1B3B1E6DF350,2025-05-09,Perfil PTR 2x2,79.0,E00004,ALM-02
GR00103,PO00456,S00009,2B56CEB1-58DD-E915-8DBE-90E01D593D3A,2025-05-12,Placa de acero A36,48.0,E00004,ALM-01
GR00104,PO00428,S00032,A24C2205-2FF3-DCD1-9A06-85C22FAD3468,2025-05-12,Rodamientos SKF,187.0,E00004,ALM-02
GR00105,PO00156,S00029,066D1E8D-E2A6-50B9-F79C-33224D924E2B,2025-05-14,Solvente industrial,98.0,E00004,ALM-02
GR00106,PO00520,S00024,7D982D9A-8892-3A5A-992D-4F4463D20C4D,2025-05-14,Motor eléctrico 5HP,141.0,E00004,ALM-01
GR00107,PO00238,S00018,2628FDA3-7BF1-5D68-666B-D860375215CF,2025-05-15,Electrodos 6013,87.0,E00004,ALM-01
GR00108,PO00408,S00032,83438698-86F9-7292-8AD7-FF025C6FC589,2025-05-19,Válvulas neumáticas,147.0,E00004,ALM-02
GR00109,PO00326,S00021,0A06147D-33B0-0016-8BE0-CFD75ED07976,2025-05-19,Barra redonda 1018,117.0,E00004,ALM-02
GR00110,PO00292,S00023,0C83BB78-EC87-619C-CB89-4FEE1FFF4CC7,2025-05-19,Sellos hidráulicos,92.0,E00004,ALM-02
GR00111,PO00134,S00032,C943AB75-672D-FB18-AE30-81691A8FD6C2,2025-05-22,Sellos hidráulicos,82.0,E00004,ALM-01
GR00112,PO00431,S00018,7956BB82-7927-E052-0CEB-E3EF266B2763,2025-05-23,Brocas HSS,179.0,E00004,ALM-02
GR00113,PO00303,S00016,6F56E592-A7A8-EB67-55F8-8E2C2DA79322,2025-05-26,Brocas HSS,115.0,E00004,ALM-02
GR00114,PO00511,S00039,F4ADA74D-EDFC-7B93-EBA2-48D352A2C026,2025-05-26,Tubo estructural,51.0,E00004,ALM-02
GR00115,PO00416,S00019,B9BDD4A8-F526-50B8-5B6D-929F2FDABD2D,2025-05-26,Lámina de acero cal. 14,151.0,E00004,ALM-01
GR00116,PO00411,S00009,D8837E25-7DC2-4DEF-3D94-C15032048B2C,2025-05-27,Tubo estructural,163.0,E00004,ALM-02
GR00117,PO00239,S00020,85F96B2D-07DF-94C7-6796-5757706A25B3,2025-05-27,Sellos hidráulicos,141.0,E00004,ALM-01
GR00118,PO00259,S00021,9D774D48-0EDB-98D0-E610-66B166824E00,2025-05-30,Barra redonda 1018,134.0,E00004,ALM-02
GR00119,PO00444,S00030,A74A125D-1CF8-4A66-7EA1-EFAF8C34A98D,2025-05-30,Válvulas neumáticas,122.0,E00004,ALM-01
GR00120,PO00053,S00029,74AF0A47-802C-9657-EFC2-093029CDA86A,2025-06-02,Solvente industrial,153.0,E00004,ALM-02
GR00121,PO00487,S00032,6C497224-0A60-A799-AA57-A8FE68FEC407,2025-06-02,Rodamientos SKF,152.0,E00004,ALM-01
GR00122,PO00048,S00039,A66A8A65-8CA2-6A9B-FDA1-371AA8387F03,2025-06-02,Barra redonda 1018,135.0,E00004,ALM-01
GR00123,PO00403,S00035,B1E75C96-3DCB-41E1-51EE-1493900275D3,2025-06-02,Rodamientos SKF,91.0,E00004,ALM-02
GR00124,PO00308,S00023,AC8E58A4-C3AC-46D3-442F-F0B6391FC6DF,2025-06-02,Rodamientos SKF,114.0,E00004,ALM-01
GR00125,PO00483,S00020,3786DFC2-B2E0-FA85-B791-72D9A1C36A5A,2025-06-02,Motor eléctrico 5HP,93.0,E00004,ALM-01
GR00126,PO00105,S00024,25A5806E-5B60-9CAC-896F-DADBDB3A53F1,2025-06-06,Bandas industriales,135.0,E00004,ALM-01
GR00127,PO00005,S00035,A48664DC-D312-40AA-159B-9A772D6D1766,2025-06-09,Motor eléctrico 5HP,194.0,E00004,ALM-02
GR00128,PO00494,S00016,1BDEFADF-1FFB-D654-7C1B-B36797353EC9,2025-06-10,Solvente industrial,95.0,E00004,ALM-01
GR00129,PO00358,S00030,30C2F72E-1D71-8E40-6210-D4D446EC0C3E,2025-06-11,Sellos hidráulicos,200.0,E00004,ALM-02
GR00130,PO00340,S00026,1DC4E81C-ED6B-7181-4C0B-64D524231C4C,2025-06-12,Sellos hidráulicos,85.0,E00004,ALM-01
GR00131,PO00523,S00038,737BBABA-5546-9918-CFDD-DC2EE72F2C50,2025-06-13,Guantes de carnaza,48.0,E00004,ALM-02
GR00132,PO00150,S00009,BFF84BD8-3DF8-34B0-58CA-D6B21912C816,2025-06-13,Barra redonda 1018,11.0,E00004,ALM-02
GR00133,PO00049,S00029,CBAA0561-A1F7-E942-5FAF-67890AAEC7C4,2025-06-16,Brocas HSS,177.0,E00004,ALM-02
GR00134,PO00362,S00037,D9BBD0B6-6C13-95FD-0E93-55471A134B60,2025-06-16,Rodamientos SKF,104.0,E00004,ALM-02
GR00135,PO00084,S00032,CF483CE9-22BE-DFD8-E9B6-FFEDC4E76F00,2025-06-16,Bandas industriales,115.0,E00004,ALM-01
GR00136,PO00380,S00017,70C27226-B71D-C541-4AD9-C3D13043A746,2025-06-16,Motor eléctrico 5HP,83.0,E00004,ALM-02
GR00137,PO00281,S00024,3BDDA38B-76A6-C3F7-685A-BE57FDD641D1,2025-06-17,Bandas industriales,43.0,E00004,ALM-02
GR00138,PO00462,S00019,A63FF60D-3241-F080-EDC1-A115DE4508EB,2025-06-17,Barra redonda 1018,58.0,E00004,ALM-02
GR00139,PO00127,S00032,DCFC14F9-CA53-62F0-D411-0A7F96EC0FFC,2025-06-19,Motor eléctrico 5HP,135.0,E00004,ALM-02
GR00140,PO00470,S00038,14BAD6FA-FB45-F778-0210-396CE02575BB,2025-06-20,Electrodos 6013,69.0,E00004,ALM-02
GR00141,PO00478,S00023,E16BF91B-2973-8E7A-5653-49E44B6A7BBD,2025-06-20,Motor eléctrico 5HP,129.0,E00004,ALM-01
GR00142,PO00189,S00033,0B0DD9D0-EC85-EE24-3421-DF043B2F9B02,2025-06-20,Flete local — carta porte anexa,1.0,E00004,ALM-02
GR00143,PO00198,S00022,6EBF7C6F-649A-0595-3F9E-717FC4A7DB1C,2025-06-23,Sellos hidráulicos,73.0,E00004,ALM-01
GR00144,PO00078,S00040,C17F2C88-54F6-C195-7A34-84243E505612,2025-06-24,Bandas industriales,26.0,E00004,ALM-02
GR00145,PO00222,S00009,C12939C9-2FA4-AE6D-0C10-1D20E8EC5161,2025-06-25,Tubo estructural,194.0,E00004,ALM-02
GR00146,PO00376,S00028,A7E42117-4F3F-CFC9-9F6F-88E252C49987,2025-06-25,Rodamientos SKF,10.0,E00004,ALM-02
GR00147,PO00117,S00030,7AE658EA-083D-7D4C-9442-9575AF5A1659,2025-06-25,Sellos hidráulicos,200.0,E00004,ALM-01
GR00148,PO00404,S00032,D9C569B9-2128-3039-1F7E-DDEE58EA0111,2025-06-27,Válvulas neumáticas,98.0,E00004,ALM-01
GR00149,PO00289,S00021,F88E42D7-478D-8BA5-C281-75EBF9097CEC,2025-06-27,Perfil PTR 2x2,152.0,E00004,ALM-02
GR00150,PO00335,S00026,B1380ABC-A817-13E2-600E-89AAA38D715A,2025-06-30,Válvulas neumáticas,7.0,E00004,ALM-02
GR00151,PO00466,S00039,AAF5A369-82C7-598B-2371-2E059AF0A126,2025-06-30,Placa de acero A36,26.0,E00004,ALM-02
GR00152,PO00055,S00035,858223AA-D78E-4CBC-8846-B8CD8D6B147F,2025-06-30,Sellos hidráulicos,78.0,E00004,ALM-02
GR00153,PO00542,S00035,34D004A1-6216-1761-23BA-83C63D8C2795,2025-06-30,Motor eléctrico 5HP,123.0,E00004,ALM-01
GR00154,PO00123,S00001,EE287B0D-27FE-CB64-8CB1-D6D8A4AEF417,2025-06-30,Bandas industriales,47.0,E00004,ALM-02
GR00155,PO00512,S00001,EB7EF068-574A-466F-D039-C6756E7342DA,2025-06-30,Bandas industriales,52.0,E00004,ALM-02
GR00156,PO00381,S00020,C78E9279-EDE5-4ECA-7649-0B05634F70FF,2025-07-01,Bandas industriales,164.0,E00004,ALM-01
GR00157,PO00153,S00004,7D9B9522-9FCC-D550-CA40-393CDAEC2E47,2025-07-02,Electrodos 6013,58.0,E00004,ALM-01
GR00158,PO00204,S00029,B138BC65-3093-8E8E-486E-94730EBF847B,2025-07-03,Electrodos 6013,132.0,E00004,ALM-01
GR00159,PO00486,S00016,AD12E116-A08C-7563-C846-A9489AF17948,2025-07-03,Brocas HSS,28.0,E00004,ALM-01
GR00160,PO00295,S00021,39E50E0C-52A2-C2A9-237C-F5C84B0C8547,2025-07-04,Placa de acero A36,117.0,E00004,ALM-01
GR00161,PO00461,S00038,80103945-602D-F68B-6623-450351938A24,2025-07-07,Solvente industrial,23.0,E00004,ALM-02
GR00162,PO00232,S00032,8DF7D010-8831-D487-8216-F241AF8C77F5,2025-07-07,Rodamientos SKF,193.0,E00004,ALM-01
GR00163,PO00140,S00032,01C0074F-E355-FA97-93CB-95E3D03D9C2F,2025-07-07,Rodamientos SKF,132.0,E00004,ALM-02
GR00164,PO00296,S00021,BD65DB72-19CD-399D-9C90-80E6C0AB2DA2,2025-07-07,Lámina de acero cal. 14,113.0,E00004,ALM-02
GR00165,PO00115,S00020,F00DD252-1838-FA7A-1723-7D5E55413783,2025-07-08,Bandas industriales,141.0,E00004,ALM-02
GR00166,PO00459,S00029,6FE57398-F3BE-5C8C-48FC-823882E43A26,2025-07-09,Electrodos 6013,127.0,E00004,ALM-01
GR00167,PO00440,S00021,37CF0EED-527E-9B71-80B8-7D84C0B379B5,2025-07-18,Perfil PTR 2x2,59.0,E00004,ALM-01
GR00168,PO00029,S00029,B1058400-C098-964F-4889-EDDC628C124C,2025-07-22,Brocas HSS,198.0,E00004,ALM-02
GR00169,PO00508,S00016,3FEAD6E7-24A8-69C7-F52A-E53DA543ED82,2025-07-22,Solvente industrial,167.0,E00004,ALM-01
GR00170,PO00076,S00030,AE10F411-2DB4-4195-1646-284DFA83BEB6,2025-07-23,Bandas industriales,175.0,E00004,ALM-01
GR00171,PO00060,S00016,5BC6710C-C556-97B8-5A4A-1D3BB452FE74,2025-07-24,Brocas HSS,182.0,E00004,ALM-01
GR00172,PO00256,S00039,EE8A7832-ACEB-9DD6-251A-F2F42B56A1CF,2025-07-24,Barra redonda 1018,50.0,E00004,ALM-02
GR00173,PO00294,S00023,600B043F-5F81-59DC-62A8-731C720C4F9A,2025-07-25,Sellos hidráulicos,139.0,E00004,ALM-01
GR00174,PO00089,S00038,67F2D14E-F70A-B30C-B8FF-62AA5FBF9B71,2025-07-28,Guantes de carnaza,140.0,E00004,ALM-02
GR00175,PO00415,S00009,BC9D5678-F878-13D9-12A5-6E5BBFF404E4,2025-07-28,Tubo estructural,196.0,E00004,ALM-02
GR00176,PO00254,S00024,FB31CA1D-4BD5-5012-D911-C377957110C7,2025-07-28,Rodamientos SKF,1.0,E00004,ALM-01
GR00177,PO00011,S00035,10D080C1-790B-48A5-D770-EFB5D44D3ABB,2025-07-28,Bandas industriales,36.0,E00004,ALM-02
GR00178,PO00088,S00004,3AD9E0E8-316F-BF19-E036-7D09D098A081,2025-07-28,Guantes de carnaza,138.0,E00004,ALM-02
GR00179,PO00460,S00024,839B490A-F7C2-5E10-9F4D-5155519C7CFB,2025-07-29,Rodamientos SKF,190.0,E00004,ALM-02
GR00180,PO00375,S00024,61397A1E-0913-CC3A-0775-F84A49CBA2F1,2025-07-30,Bandas industriales,82.0,E00004,ALM-02
GR00181,PO00267,S00029,2E26E465-409A-D393-71C2-D65ED114E8F6,2025-07-31,Discos de corte,99.0,E00004,ALM-02
GR00182,PO00185,S00016,F7A97E6C-2D8A-64FC-B82D-E96F03DC96AA,2025-08-04,Electrodos 6013,170.0,E00004,ALM-01
GR00183,PO00423,S00039,71BB93AD-ED5E-DE01-1A48-018FA25F626C,2025-08-04,Perfil PTR 2x2,157.0,E00004,ALM-02
GR00184,PO00107,S00037,8A865457-6FE6-EFBE-AB9D-65BD7BFDA133,2025-08-07,Rodamientos SKF,197.0,E00004,ALM-01
GR00185,PO00068,S00022,2CB58CD3-99D6-75C5-5944-50FC0A2D9269,2025-08-08,Válvulas neumáticas,175.0,E00004,ALM-02
GR00186,PO00073,S00039,A4B838C1-D9AB-A6B9-55BF-6BF849F0E009,2025-08-08,Perfil PTR 2x2,112.0,E00004,ALM-02
GR00187,PO00357,S00009,FD720DD1-13D0-75F6-18A2-C79A128AD481,2025-08-11,Lámina de acero cal. 14,64.0,E00004,ALM-02
GR00188,PO00173,S00023,EADF3EFE-DCC2-6853-891F-D12782627F5E,2025-08-11,Rodamientos SKF,23.0,E00004,ALM-02
GR00189,PO00525,S00018,FB5D6CDB-0CB9-6143-58E6-6CE212D89245,2025-08-12,Electrodos 6013,24.0,E00004,ALM-01
GR00190,PO00247,S00018,337B1F7C-8E9E-4CEB-0F23-E62E7805389E,2025-08-12,Electrodos 6013,59.0,E00004,ALM-02
GR00191,PO00095,S00024,B84793A9-4B79-45C6-1B57-375C69EDA1C8,2025-08-14,Motor eléctrico 5HP,24.0,E00004,ALM-02
GR00192,PO00058,S00019,2EEC5BEA-48C7-60CE-5026-D80A0B009C17,2025-08-15,Barra redonda 1018,4.0,E00004,ALM-01
GR00193,PO00069,S00039,52D7824F-9CCF-D8A2-47F4-19CD7CE353FF,2025-08-18,Barra redonda 1018,37.0,E00004,ALM-02
GR00194,PO00087,S00032,65A419A4-6453-287C-333C-B8D5ED16DD8E,2025-08-22,Motor eléctrico 5HP,75.0,E00004,ALM-02
GR00195,PO00016,S00039,D32468C0-807C-18C1-F409-45537BB44E8B,2025-08-25,Barra redonda 1018,41.0,E00004,ALM-01
GR00196,PO00430,S00026,BE603D2A-CF72-DC3E-646E-FEFA62C85123,2025-08-29,Motor eléctrico 5HP,40.0,E00004,ALM-01
GR00197,PO00007,S00028,2175E359-16F2-4468-7EF1-19518E68C624,2025-08-29,Motor eléctrico 5HP,97.0,E00004,ALM-02
GR00198,PO00180,S00022,21E8AC65-8ECC-2626-51F7-98C911696F49,2025-09-01,Rodamientos SKF,91.0,E00004,ALM-01
GR00199,PO00175,S00039,64812DC4-0969-25FE-DDF8-BF27B699283A,2025-09-01,Perfil PTR 2x2,61.0,E00004,ALM-02
GR00200,PO00263,S00020,BEA271A2-A90A-9D89-3C45-745640E41F58,2025-09-01,Rodamientos SKF,181.0,E00004,ALM-02
GR00201,PO00036,S00001,B5B12EE5-9314-9227-6AC4-C6153073C640,2025-09-01,Motor eléctrico 5HP,200.0,E00004,ALM-01
GR00202,PO00144,S00019,77D7B334-F06E-F762-C460-4606E4429B5F,2025-09-02,Lámina de acero cal. 14,63.0,E00004,ALM-02
GR00203,PO00449,S00019,5859904D-6816-4663-A05D-BD1368C235D4,2025-09-03,Barra redonda 1018,100.0,E00004,ALM-02
GR00204,PO00490,S00009,C582880E-2C4B-9B9A-2BC1-26915FF674E9,2025-09-05,Perfil PTR 2x2,81.0,E00004,ALM-01
GR00205,PO00193,S00040,A01DB751-C73B-EAB0-316C-BC48C81C1EA7,2025-09-05,Válvulas neumáticas,49.0,E00004,ALM-01
GR00206,PO00419,S00023,A2AB5673-962C-E6B8-A70C-27842CAB7FB7,2025-09-05,Rodamientos SKF,17.0,E00004,ALM-01
GR00207,PO00302,S00029,F94A8968-CA83-3E87-6890-4DF65C087A84,2025-09-08,Brocas HSS,105.0,E00004,ALM-02
GR00208,PO00221,S00038,73AD8D3A-CD04-09DB-20C9-FCCCB3FCC776,2025-09-08,Brocas HSS,32.0,E00004,ALM-02
GR00209,PO00183,S00016,72422545-7F98-5D3B-8A80-CAD86AD6418F,2025-09-08,Electrodos 6013,71.0,E00004,ALM-01
GR00210,PO00010,S00032,CB07E7CA-5180-3730-A6B0-132BD7E54335,2025-09-08,Sellos hidráulicos,193.0,E00004,ALM-01
GR00211,PO00393,S00021,0B0A7967-3034-3AB5-AF88-19DE64AA11D6,2025-09-08,Perfil PTR 2x2,96.0,E00004,ALM-02
GR00212,PO00473,S00035,F83AD800-E284-E956-9FEC-2DF63014FE0D,2025-09-08,Rodamientos SKF,3.0,E00004,ALM-01
GR00213,PO00268,S00020,2306DD43-1FA6-3C5A-B2C9-AA518E47490C,2025-09-09,Válvulas neumáticas,136.0,E00004,ALM-01
GR00214,PO00237,S00004,F33D43F0-A084-1339-7BCD-76AA1E4A6BE6,2025-09-09,Discos de corte,83.0,E00004,ALM-01
GR00215,PO00421,S00038,3DE92CD0-3A32-0164-AB19-FAB5847D1D56,2025-09-11,Brocas HSS,100.0,E00004,ALM-02
GR00216,PO00113,S00035,2358701A-19D9-7E6D-19F6-7283F0FDDA92,2025-09-12,Rodamientos SKF,120.0,E00004,ALM-02
GR00217,PO00220,S00022,77F4578C-138C-6F5A-1362-F7DF68B073CD,2025-09-15,Sellos hidráulicos,16.0,E00004,ALM-02
GR00218,PO00527,S00028,19B3D911-3402-86D3-55B0-951DC13CFC4D,2025-09-15,Rodamientos SKF,121.0,E00004,ALM-02
GR00219,PO00384,S00037,9D1058E7-9D8F-FE0E-6764-CB03F0E39BD4,2025-09-16,Rodamientos SKF,144.0,E00004,ALM-01
GR00220,PO00168,S00035,BE345462-A90E-AE20-C8BC-C681C79FEE86,2025-09-16,Válvulas neumáticas,66.0,E00004,ALM-02
GR00221,PO00030,S00037,561DB456-E040-D18E-9C49-530985EEDF43,2025-09-17,Motor eléctrico 5HP,76.0,E00004,ALM-02
GR00222,PO00323,S00039,862EAA34-3989-22C2-6714-90635480C8F7,2025-09-18,Placa de acero A36,153.0,E00004,ALM-01
GR00223,PO00043,S00028,5E172829-9E18-8E87-C217-9E2C6283AA73,2025-09-22,Motor eléctrico 5HP,40.0,E00004,ALM-02
GR00224,PO00083,S00019,86003DC9-0414-CCA4-F50B-201EAE76FC17,2025-09-22,Lámina de acero cal. 14,184.0,E00004,ALM-02
GR00225,PO00536,S00019,5BD70479-4605-D8F9-2FDA-583B83E8CBBB,2025-09-22,Lámina de acero cal. 14,137.0,E00004,ALM-01
GR00226,PO00533,S00016,B8F4B7A8-E851-241C-9339-7589089D2A60,2025-09-26,Discos de corte,138.0,E00004,ALM-01
GR00227,PO00526,S00009,85A8EE45-E738-ECC1-DDE5-BD37542762D8,2025-09-26,Lámina de acero cal. 14,35.0,E00004,ALM-01
GR00228,PO00491,S00039,79E5D7BD-E5B8-295F-1AB7-3FA4E7CDEEB7,2025-09-29,Lámina de acero cal. 14,130.0,E00004,ALM-02
GR00229,PO00306,S00004,FCA0C768-8640-CF3C-821B-24F5690B62F8,2025-10-01,Guantes de carnaza,62.0,E00004,ALM-01
GR00230,PO00498,S00019,07714705-F7F5-8A8F-B2FD-9CB184BF9337,2025-10-03,Placa de acero A36,34.0,E00004,ALM-02
GR00231,PO00110,S00028,FA27EBC9-0ECC-3134-2CD3-DB3791DE0D69,2025-10-06,Motor eléctrico 5HP,21.0,E00004,ALM-02
GR00232,PO00056,S00023,D0E797E0-D90D-1748-D33D-AF23F7425465,2025-10-06,Rodamientos SKF,63.0,E00004,ALM-01
GR00233,PO00138,S00023,BF80D751-DBFD-4C58-D8A8-616ADB62D331,2025-10-06,Rodamientos SKF,100.0,E00004,ALM-01
GR00234,PO00022,S00033,07136DFB-E001-F534-2387-1E42780BA92E,2025-10-06,Flete local — carta porte anexa,1.0,E00004,ALM-02
GR00235,PO00075,S00009,08426FF2-A861-DC2F-705F-332DACADBFD1,2025-10-07,Placa de acero A36,115.0,E00004,ALM-01
GR00236,PO00439,S00028,C83566DE-9B46-237C-3492-90594C1E3159,2025-10-07,Bandas industriales,58.0,E00004,ALM-01
GR00237,PO00001,S00029,2EAE170F-D449-5B18-BB70-C35DEA3867A5,2025-10-08,Guantes de carnaza,22.0,E00004,ALM-01
GR00238,PO00192,S00017,E062C303-7FD2-CED3-3EAA-59AAF3108747,2025-10-09,Válvulas neumáticas,172.0,E00004,ALM-02
GR00239,PO00211,S00029,0CE5806A-4FEC-832F-8306-5FACCA16774D,2025-10-10,Brocas HSS,81.0,E00004,ALM-01
GR00240,PO00337,S00021,9F129A91-C1BD-7413-13DF-2C235B8E73BB,2025-10-10,Tubo estructural,106.0,E00004,ALM-01
GR00241,PO00215,S00016,E836A8BD-DA66-6A97-F989-94AE4D5811A1,2025-10-13,Solvente industrial,45.0,E00004,ALM-02
GR00242,PO00065,S00024,96860C67-C99A-B40A-5128-A9A4C795E4BB,2025-10-13,Motor eléctrico 5HP,69.0,E00004,ALM-01
GR00243,PO00271,S00019,D9EA63A0-F872-D4E4-73EA-9415586ADE67,2025-10-13,Barra redonda 1018,1.0,E00004,ALM-02
GR00244,PO00051,S00020,2F0D0516-99A4-6485-FC45-B8A76195A41D,2025-10-13,Sellos hidráulicos,14.0,E00004,ALM-02
GR00245,PO00517,S00029,EA72D09D-D72B-8639-9938-E0D43702769C,2025-10-13,Guantes de carnaza,82.0,E00004,ALM-02
GR00246,PO00287,S00016,F0043EC1-2AE8-42E5-F2B7-4E9387EB78AE,2025-10-15,Guantes de carnaza,141.0,E00004,ALM-01
GR00247,PO00194,S00009,B4503E64-3436-C5BE-0A06-2DD8D8102305,2025-10-16,Lámina de acero cal. 14,103.0,E00004,ALM-02
GR00248,PO00136,S00032,7AD2763D-0E3A-1F4D-5CF3-A5B996B95CBA,2025-10-17,Válvulas neumáticas,21.0,E00004,ALM-01
GR00249,PO00208,S00029,85D35457-A641-15F2-EE35-528A39A00213,2025-10-20,Electrodos 6013,197.0,E00004,ALM-02
GR00250,PO00390,S00009,0EAD9FC3-7559-D59F-E049-F1F57F3DE16F,2025-10-20,Barra redonda 1018,151.0,E00004,ALM-01
GR00251,PO00146,S00022,A7FC426D-C9B7-0822-E0BA-ED749E1A841B,2025-10-20,Sellos hidráulicos,134.0,E00004,ALM-02
GR00252,PO00316,S00022,221AE363-7B80-B11F-C901-B95F5B35F002,2025-10-20,Sellos hidráulicos,38.0,E00004,ALM-02
GR00253,PO00276,S00018,83DF3BD7-4B05-D6CA-9798-FD62DFC462F9,2025-10-20,Brocas HSS,98.0,E00004,ALM-02
GR00254,PO00363,S00035,16291F8B-99C2-7984-1725-43961F4A8608,2025-10-20,Válvulas neumáticas,10.0,E00004,ALM-01
GR00255,PO00014,S00030,23A707BD-0773-E9CE-7853-92F999108D47,2025-10-20,Motor eléctrico 5HP,186.0,E00004,ALM-02
GR00256,PO00385,S00023,2A8C585C-4C59-1FD6-36D3-9DF4136292F0,2025-10-24,Sellos hidráulicos,171.0,E00004,ALM-01
GR00257,PO00161,S00037,C137F79F-4CDB-0364-9605-A11F393B4F6B,2025-10-27,Rodamientos SKF,60.0,E00004,ALM-01
GR00258,PO00379,S00021,A693C642-F39C-5841-FE31-D405CDED21C5,2025-10-27,Perfil PTR 2x2,114.0,E00004,ALM-01
GR00259,PO00409,S00024,AED47BDB-1DB5-B83E-05C7-83208C383458,2025-10-28,Motor eléctrico 5HP,180.0,E00004,ALM-01
GR00260,PO00034,S00038,85B6CEB9-BF66-7AB4-55FB-2280932AA794,2025-10-29,Discos de corte,122.0,E00004,ALM-01
GR00261,PO00364,S00024,9165D384-3A42-6396-8829-3554BC5935CB,2025-10-30,Sellos hidráulicos,193.0,E00004,ALM-02
GR00262,PO00260,S00029,9FAE6141-3A1E-5B56-2A1D-BF824086533D,2025-11-03,Brocas HSS,87.0,E00004,ALM-01
GR00263,PO00341,S00029,9498E0B3-5CB2-3618-67D7-7EE05EE11D22,2025-11-03,Solvente industrial,196.0,E00004,ALM-02
GR00264,PO00348,S00022,3EBE2B3A-00E9-8677-CBF7-B0969AE93C8F,2025-11-03,Bandas industriales,79.0,E00004,ALM-02
GR00265,PO00387,S00035,C26EA1C1-8399-CE69-590E-CC34B0FF7E55,2025-11-04,Sellos hidráulicos,74.0,E00004,ALM-02
GR00266,PO00405,S00039,1672CEF6-21BE-6AAD-E094-09FBB83B06BF,2025-11-05,Placa de acero A36,102.0,E00004,ALM-02
GR00267,PO00104,S00039,741D5566-6769-3123-8526-22B5C019DAA0,2025-11-07,Placa de acero A36,31.0,E00004,ALM-02
GR00268,PO00160,S00024,FDC165D3-3D4C-F7E3-B963-46E4007A5108,2025-11-07,Motor eléctrico 5HP,86.0,E00004,ALM-02
GR00269,PO00497,S00039,6D111FBE-F0B7-4BDB-736E-EF368A1ABE8B,2025-11-11,Perfil PTR 2x2,86.0,E00004,ALM-01
GR00270,PO00266,S00019,F114E93A-685E-7DAE-436A-1F70301BA4BB,2025-11-11,Placa de acero A36,13.0,E00004,ALM-02
GR00271,PO00325,S00029,4A1C4E46-AAC5-0535-0F47-69F58DB93FAD,2025-11-12,Guantes de carnaza,51.0,E00004,ALM-02
GR00272,PO00122,S00037,C02FB522-1FA4-2779-CF35-BFEB7A5D33D5,2025-11-14,Motor eléctrico 5HP,29.0,E00004,ALM-01
GR00273,PO00299,S00009,A5326684-D210-1E03-7609-E7940747F9C6,2025-11-14,Placa de acero A36,102.0,E00004,ALM-01
GR00274,PO00100,S00032,8AA6E277-5142-71E6-8C69-BFC0E1507E58,2025-11-14,Motor eléctrico 5HP,20.0,E00004,ALM-02
GR00275,PO00427,S00022,F4F74AAA-32B7-9C95-C414-BFB44DF7B92E,2025-11-17,Rodamientos SKF,178.0,E00004,ALM-02
GR00276,PO00412,S00023,514BE8E7-DEFC-31BB-5ECB-E93142DE3544,2025-11-17,Válvulas neumáticas,49.0,E00004,ALM-02
GR00277,PO00499,S00001,A833221F-F777-C7A8-0635-0D03443BF44B,2025-11-17,Motor eléctrico 5HP,138.0,E00004,ALM-01
GR00278,PO00472,S00033,54290B0B-F62F-F26D-F6FE-2632BD02EED2,2025-11-17,Flete local — carta porte anexa,1.0,E00004,ALM-01
GR00279,PO00243,S00019,0E466DBE-7EBC-E414-C4A0-499F6BC64D98,2025-11-19,Barra redonda 1018,125.0,E00004,ALM-02
GR00280,PO00436,S00040,B8DDAA93-23E3-415B-B8C3-38AE871FDA74,2025-11-19,Bandas industriales,171.0,E00004,ALM-02
GR00281,PO00317,S00001,3159AF5F-93CA-C47B-3D45-116D2864C624,2025-11-19,Sellos hidráulicos,22.0,E00004,ALM-02
GR00282,PO00433,S00029,3ADEC602-85D4-8CF5-BAB1-4BC691733BA2,2025-11-20,Brocas HSS,195.0,E00004,ALM-02
GR00283,PO00151,S00016,D1E04292-2A23-8262-2C5F-56D140477989,2025-11-20,Discos de corte,20.0,E00004,ALM-01
GR00284,PO00008,S00029,6E16321F-32A2-59D4-5C76-09E0D775EA70,2025-11-24,Brocas HSS,47.0,E00004,ALM-02
GR00285,PO00285,S00038,D087B609-605A-FEE5-75B4-5C1E21EEFD64,2025-11-24,Guantes de carnaza,198.0,E00004,ALM-01
GR00286,PO00286,S00039,CFD08077-5D7F-5A51-5578-82768F052278,2025-11-24,Placa de acero A36,138.0,E00004,ALM-01
GR00287,PO00163,S00035,1F72C8CB-D898-6F08-73BE-50E9A55924E6,2025-11-24,Motor eléctrico 5HP,19.0,E00004,ALM-02
GR00288,PO00447,S00030,4FDFAE0A-1EE4-168E-EE0A-8D1C9560A236,2025-11-24,Bandas industriales,105.0,E00004,ALM-02
GR00289,PO00121,S00017,5A72FD86-092C-FCB8-0F21-6EC481DDBBF7,2025-11-27,Sellos hidráulicos,112.0,E00004,ALM-01
GR00290,PO00264,S00023,CBC5023E-EB39-12CA-7093-05C23D0E9C6E,2025-11-28,Sellos hidráulicos,72.0,E00004,ALM-02
GR00291,PO00394,S00030,01B146D5-89F2-DDD7-338F-EB5A5EE1F581,2025-11-28,Válvulas neumáticas,85.0,E00004,ALM-01
GR00292,PO00297,S00033,1779BFFE-E8E6-3CDF-41CE-3815B17BD4F5,2025-11-28,Flete local — carta porte anexa,1.0,E00004,ALM-01
GR00293,PO00064,S00038,9AA66C3E-C72C-1D99-F646-AC33DBAB42A2,2025-12-01,Solvente industrial,39.0,E00004,ALM-02
GR00294,PO00032,S00024,BBB53824-6E8B-20AA-25BB-C3F1964EDDD2,2025-12-01,Sellos hidráulicos,75.0,E00004,ALM-02
GR00295,PO00119,S00023,80F1B2A5-2A55-DFC9-1EEA-0145B08A00E2,2025-12-01,Sellos hidráulicos,38.0,E00004,ALM-02
GR00296,PO00214,S00037,AF701877-B2E3-DFB6-6902-918EF9FCFBCD,2025-12-03,Motor eléctrico 5HP,98.0,E00004,ALM-01
GR00297,PO00102,S00019,46E455EB-552E-42E4-E962-87086E3C6D67,2025-12-03,Perfil PTR 2x2,131.0,E00004,ALM-02
GR00298,PO00324,S00029,9FC84F49-E72A-3CDF-5E61-06FEC50BF8AC,2025-12-04,Solvente industrial,93.0,E00004,ALM-01
GR00299,PO00315,S00039,D6CE8910-DDAA-35FE-51C1-4B6D8C3E142A,2025-12-04,Perfil PTR 2x2,21.0,E00004,ALM-01
GR00300,PO00024,S00024,A284EEDA-8B88-5172-BFB1-CC483C969C82,2025-12-04,Rodamientos SKF,17.0,E00004,ALM-02
GR00301,PO00251,S00016,C534FFBD-B6C8-70BE-43E0-32805D5614E9,2025-12-08,Solvente industrial,104.0,E00004,ALM-01
GR00302,PO00197,S00018,E5575A19-3AD2-98A9-7F62-A6DF14E96CFC,2025-12-08,Electrodos 6013,135.0,E00004,ALM-02
GR00303,PO00445,S00035,83DF11C8-F0BC-0E6E-CD28-800873B57B74,2025-12-08,Válvulas neumáticas,64.0,E00004,ALM-02
GR00304,PO00098,S00023,3E21EB16-B0F1-EA80-E0F6-7FBE0FB9D35C,2025-12-08,Rodamientos SKF,35.0,E00004,ALM-02
GR00305,PO00172,S00029,434C4978-DF15-5507-0078-2EA3337EB129,2025-12-08,Solvente industrial,25.0,E00004,ALM-01
GR00306,PO00270,S00033,BF54DA5F-94DB-B548-37D6-FE4F78C3F841,2025-12-10,Flete local — carta porte anexa,1.0,E00004,ALM-01
GR00307,PO00202,S00039,3A806214-86FF-C22F-43AF-50C810D2C82B,2025-12-11,Tubo estructural,99.0,E00004,ALM-02
GR00308,PO00327,S00019,8170AD86-80B3-49EA-673A-E4213DA0F6AC,2025-12-12,Lámina de acero cal. 14,50.0,E00004,ALM-01
GR00309,PO00165,S00028,9603D712-8C7A-2469-2245-6295D51AF221,2025-12-15,Válvulas neumáticas,112.0,E00004,ALM-01
GR00310,PO00501,S00035,84B986EB-E48B-7EA4-B50B-1083BBFF5548,2025-12-15,Rodamientos SKF,116.0,E00004,ALM-02
GR00311,PO00371,S00019,D0B2DA52-544A-AEAD-FB02-D41FE978DBDE,2025-12-16,Barra redonda 1018,13.0,E00004,ALM-02
GR00312,PO00177,S00019,44464387-91FB-C621-A47E-9AAF441C7FD0,2025-12-16,Perfil PTR 2x2,25.0,E00004,ALM-01
GR00313,PO00112,S00009,8D29A2F0-F251-844A-06B2-9B4E98E61D70,2025-12-19,Perfil PTR 2x2,82.0,E00004,ALM-02
